Minutes - 24HR,Type I - 24HR,Type Ia - 24HR,Type II - 24HR,Type III - 24HR,Minutes - 12HR,Type I - 12HR,Type Ia - 12HR,Type II - 12HR,Type III - 12HR,Minutes - 6HR,Type I - 6HR,Type Ia - 6HR,Type II - 6HR,Type III - 6HR,,,,
0:00,0.0174,0.0224,0.0101,0.01,0:00,0:48,0.0471,0.0215,0.019,0:00,0.0661,0.0981,0.0446,0.0538,,,,
0:01,0.0174,0.0224,0.0101,0.01,0:01,0:48,0.0471,0.0215,0.019,0:01,0.0661,0.0981,0.0446,0.0538,,,,
0:02,0.0174,0.0224,0.0101,0.01,0:02,0:48,0.0471,0.0215,0.019,0:02,0.0661,0.0981,0.0446,0.0538,,,,
0:03,0.0174,0.0224,0.0101,0.01,0:03,0:48,0.0471,0.0215,0.019,0:03,0.0661,0.0981,0.0446,0.0538,,,,
0:04,0.0174,0.0224,0.0101,0.01,0:04,0:48,0.0471,0.0215,0.019,0:04,0.0661,0.0981,0.0446,0.0538,,,,
0:05,0.0174,0.0224,0.0101,0.01,0:05,0:48,0.0471,0.0215,0.019,0:05,0.0661,0.0981,0.0446,0.0538,,,,
0:06,0.0174,0.0208,0.0101,0.01,0:06,0:48,0.0479,0.0218,0.0195,0:06,0.0665,0.1006,0.0453,0.0553,,,,
0:07,0.0174,0.0208,0.0101,0.01,0:07,0:48,0.0479,0.0218,0.0195,0:07,0.0665,0.1006,0.0453,0.0553,,,,
0:08,0.0174,0.0208,0.0101,0.01,0:08,0:48,0.0479,0.0218,0.0195,0:08,0.0665,0.1006,0.0453,0.0553,,,,
0:09,0.0174,0.0208,0.0101,0.01,0:09,0:48,0.0479,0.0218,0.0195,0:09,0.0665,0.1006,0.0453,0.0553,,,,
0:10,0.0174,0.0208,0.0101,0.01,0:10,0:48,0.0479,0.0218,0.0195,0:10,0.0665,0.1006,0.0453,0.0553,,,,
0:11,0.0174,0.0208,0.0101,0.01,0:11,0:48,0.0479,0.0218,0.0195,0:11,0.0665,0.1006,0.0453,0.0553,,,,
0:12,0.0174,0.0196,0.0103,0.01,0:12,0:49,0.0505,0.022,0.0202,0:12,0.0672,0.1028,0.0453,0.057,,,,
0:13,0.0174,0.0196,0.0103,0.01,0:13,0:49,0.0505,0.022,0.0202,0:13,0.0672,0.1028,0.0453,0.057,,,,
0:14,0.0174,0.0196,0.0103,0.01,0:14,0:49,0.0505,0.022,0.0202,0:14,0.0672,0.1028,0.0453,0.057,,,,
0:15,0.0174,0.0196,0.0103,0.01,0:15,0:49,0.0505,0.022,0.0202,0:15,0.0672,0.1028,0.0453,0.057,,,,
0:16,0.0174,0.0196,0.0103,0.01,0:16,0:49,0.0505,0.022,0.0202,0:16,0.0672,0.1028,0.0453,0.057,,,,
0:17,0.0174,0.0196,0.0103,0.01,0:17,0:49,0.0505,0.022,0.0202,0:17,0.0672,0.1028,0.0453,0.057,,,,
0:18,0.0175,0.0188,0.0103,0.01,0:18,0:51,0.0516,0.0222,0.0207,0:18,0.0679,0.1047,0.0453,0.0586,,,,
0:19,0.0175,0.0188,0.0103,0.01,0:19,0:51,0.0516,0.0222,0.0207,0:19,0.0679,0.1047,0.0453,0.0586,,,,
0:20,0.0175,0.0188,0.0103,0.01,0:20,0:51,0.0516,0.0222,0.0207,0:20,0.0679,0.1047,0.0453,0.0586,,,,
0:21,0.0175,0.0188,0.0103,0.01,0:21,0:51,0.0516,0.0222,0.0207,0:21,0.0679,0.1047,0.0453,0.0586,,,,
0:22,0.0175,0.0188,0.0103,0.01,0:22,0:51,0.0516,0.0222,0.0207,0:22,0.0679,0.1047,0.0453,0.0586,,,,
0:23,0.0175,0.0188,0.0103,0.01,0:23,0:51,0.0516,0.0222,0.0207,0:23,0.0679,0.1047,0.0453,0.0586,,,,
0:24,0.0174,0.0184,0.0105,0.01,0:24,0:53,0.0524,0.0225,0.0214,0:24,0.0682,0.1066,0.0453,0.0603,,,,
0:25,0.0174,0.0184,0.0105,0.01,0:25,0:53,0.0524,0.0225,0.0214,0:25,0.0682,0.1066,0.0453,0.0603,,,,
0:26,0.0174,0.0184,0.0105,0.01,0:26,0:53,0.0524,0.0225,0.0214,0:26,0.0682,0.1066,0.0453,0.0603,,,,
0:27,0.0174,0.0184,0.0105,0.01,0:27,0:53,0.0524,0.0225,0.0214,0:27,0.0682,0.1066,0.0453,0.0603,,,,
0:28,0.0174,0.0184,0.0105,0.01,0:28,0:53,0.0524,0.0225,0.0214,0:28,0.0682,0.1066,0.0453,0.0603,,,,
0:29,0.0174,0.0184,0.0105,0.01,0:29,0:53,0.0524,0.0225,0.0214,0:29,0.0682,0.1066,0.0453,0.0603,,,,
0:30,0.0175,0.0184,0.0105,0.01,0:30,0:55,0.0534,0.0227,0.0218,0:30,0.0722,0.1056,0.0453,0.0618,,,,
0:31,0.0175,0.0184,0.0105,0.01,0:31,0:55,0.0534,0.0227,0.0218,0:31,0.0722,0.1056,0.0453,0.0618,,,,
0:32,0.0175,0.0184,0.0105,0.01,0:32,0:55,0.0534,0.0227,0.0218,0:32,0.0722,0.1056,0.0453,0.0618,,,,
0:33,0.0175,0.0184,0.0105,0.01,0:33,0:55,0.0534,0.0227,0.0218,0:33,0.0722,0.1056,0.0453,0.0618,,,,
0:34,0.0175,0.0184,0.0105,0.01,0:34,0:55,0.0534,0.0227,0.0218,0:34,0.0722,0.1056,0.0453,0.0618,,,,
0:35,0.0175,0.0184,0.0105,0.01,0:35,0:55,0.0534,0.0227,0.0218,0:35,0.0722,0.1056,0.0453,0.0618,,,,
0:36,0.0174,0.0188,0.0107,0.01,0:36,0:57,0.054,0.0229,0.0225,0:36,0.0793,0.1079,0.0464,0.0635,,,,
0:37,0.0174,0.0188,0.0107,0.01,0:37,0:57,0.054,0.0229,0.0225,0:37,0.0793,0.1079,0.0464,0.0635,,,,
0:38,0.0174,0.0188,0.0107,0.01,0:38,0:57,0.054,0.0229,0.0225,0:38,0.0793,0.1079,0.0464,0.0635,,,,
0:39,0.0174,0.0188,0.0107,0.01,0:39,0:57,0.054,0.0229,0.0225,0:39,0.0793,0.1079,0.0464,0.0635,,,,
0:40,0.0174,0.0188,0.0107,0.01,0:40,0:57,0.054,0.0229,0.0225,0:40,0.0793,0.1079,0.0464,0.0635,,,,
0:41,0.0174,0.0188,0.0107,0.01,0:41,0:57,0.054,0.0229,0.0225,0:41,0.0793,0.1079,0.0464,0.0635,,,,
0:42,0.0175,0.0196,0.0107,0.01,0:42,0:59,0.0537,0.0232,0.023,0:42,0.0866,0.1107,0.0487,0.0651,,,,
0:43,0.0175,0.0196,0.0107,0.01,0:43,0:59,0.0537,0.0232,0.023,0:43,0.0866,0.1107,0.0487,0.0651,,,,
0:44,0.0175,0.0196,0.0107,0.01,0:44,0:59,0.0537,0.0232,0.023,0:44,0.0866,0.1107,0.0487,0.0651,,,,
0:45,0.0175,0.0196,0.0107,0.01,0:45,0:59,0.0537,0.0232,0.023,0:45,0.0866,0.1107,0.0487,0.0651,,,,
0:46,0.0175,0.0196,0.0107,0.01,0:46,0:59,0.0537,0.0232,0.023,0:46,0.0866,0.1107,0.0487,0.0651,,,,
0:47,0.0175,0.0196,0.0107,0.01,0:47,0:59,0.0537,0.0232,0.023,0:47,0.0866,0.1107,0.0487,0.0651,,,,
0:48,0.0175,0.0208,0.0109,0.01,0:48,1:01,0.0543,0.0234,0.0237,0:48,0.0938,0.1137,0.0509,0.0668,,,,
0:49,0.0175,0.0208,0.0109,0.01,0:49,1:01,0.0543,0.0234,0.0237,0:49,0.0938,0.1137,0.0509,0.0668,,,,
0:50,0.0175,0.0208,0.0109,0.01,0:50,1:01,0.0543,0.0234,0.0237,0:50,0.0938,0.1137,0.0509,0.0668,,,,
0:51,0.0175,0.0208,0.0109,0.01,0:51,1:01,0.0543,0.0234,0.0237,0:51,0.0938,0.1137,0.0509,0.0668,,,,
0:52,0.0175,0.0208,0.0109,0.01,0:52,1:01,0.0543,0.0234,0.0237,0:52,0.0938,0.1137,0.0509,0.0668,,,,
0:53,0.0175,0.0208,0.0109,0.01,0:53,1:01,0.0543,0.0234,0.0237,0:53,0.0938,0.1137,0.0509,0.0668,,,,
0:54,0.0175,0.0224,0.0109,0.01,0:54,1:03,0.0551,0.0237,0.0242,0:54,0.1009,0.1177,0.0532,0.0683,,,,
0:55,0.0175,0.0224,0.0109,0.01,0:55,1:03,0.0551,0.0237,0.0242,0:55,0.1009,0.1177,0.0532,0.0683,,,,
0:56,0.0175,0.0224,0.0109,0.01,0:56,1:03,0.0551,0.0237,0.0242,0:56,0.1009,0.1177,0.0532,0.0683,,,,
0:57,0.0175,0.0224,0.0109,0.01,0:57,1:03,0.0551,0.0237,0.0242,0:57,0.1009,0.1177,0.0532,0.0683,,,,
0:58,0.0175,0.0224,0.0109,0.01,0:58,1:03,0.0551,0.0237,0.0242,0:58,0.1009,0.1177,0.0532,0.0683,,,,
0:59,0.0175,0.0224,0.0109,0.01,0:59,1:03,0.0551,0.0237,0.0242,0:59,0.1009,0.1177,0.0532,0.0683,,,,
1:00,0.0175,0.0276,0.0111,0.01,1:00,1:05,0.0561,0.0239,0.0249,1:00,0.1079,0.1274,0.0555,0.0709,,,,
1:01,0.0175,0.0276,0.0111,0.01,1:01,0.0456,0.0561,0.0239,0.0249,1:01,0.1079,0.1274,0.0555,0.0709,,,,
1:02,0.0175,0.0276,0.0111,0.01,1:02,0.0456,0.0561,0.0239,0.0249,1:02,0.1079,0.1274,0.0555,0.0709,,,,
1:03,0.0175,0.0276,0.0111,0.01,1:03,0.0456,0.0561,0.0239,0.0249,1:03,0.1079,0.1274,0.0555,0.0709,,,,
1:04,0.0175,0.0276,0.0111,0.01,1:04,0.0456,0.0561,0.0239,0.0249,1:04,0.1079,0.1274,0.0555,0.0709,,,,
1:05,0.0175,0.0276,0.0111,0.01,1:05,0.0456,0.0561,0.0239,0.0249,1:05,0.1079,0.1274,0.0555,0.0709,,,,
1:06,0.0175,0.0292,0.0111,0.01,1:06,0.0472,0.0572,0.0241,0.0254,1:06,0.1146,0.1308,0.0583,0.0742,,,,
1:07,0.0175,0.0292,0.0111,0.01,1:07,0.0472,0.0572,0.0241,0.0254,1:07,0.1146,0.1308,0.0583,0.0742,,,,
1:08,0.0175,0.0292,0.0111,0.01,1:08,0.0472,0.0572,0.0241,0.0254,1:08,0.1146,0.1308,0.0583,0.0742,,,,
1:09,0.0175,0.0292,0.0111,0.01,1:09,0.0472,0.0572,0.0241,0.0254,1:09,0.1146,0.1308,0.0583,0.0742,,,,
1:10,0.0175,0.0292,0.0111,0.01,1:10,0.0472,0.0572,0.0241,0.0254,1:10,0.1146,0.1308,0.0583,0.0742,,,,
1:11,0.0175,0.0292,0.0111,0.01,1:11,0.0472,0.0572,0.0241,0.0254,1:11,0.1146,0.1308,0.0583,0.0742,,,,
1:12,0.0175,0.0304,0.0113,0.01,1:12,0.0481,0.0583,0.0244,0.0261,1:12,0.1212,0.1333,0.0617,0.0776,,,,
1:13,0.0175,0.0304,0.0113,0.01,1:13,0.0481,0.0583,0.0244,0.0261,1:13,0.1212,0.1333,0.0617,0.0776,,,,
1:14,0.0175,0.0304,0.0113,0.01,1:14,0.0481,0.0583,0.0244,0.0261,1:14,0.1212,0.1333,0.0617,0.0776,,,,
1:15,0.0175,0.0304,0.0113,0.01,1:15,0.0481,0.0583,0.0244,0.0261,1:15,0.1212,0.1333,0.0617,0.0776,,,,
1:16,0.0175,0.0304,0.0113,0.01,1:16,0.0481,0.0583,0.0244,0.0261,1:16,0.1212,0.1333,0.0617,0.0776,,,,
1:17,0.0175,0.0304,0.0113,0.01,1:17,0.0481,0.0583,0.0244,0.0261,1:17,0.1212,0.1333,0.0617,0.0776,,,,
1:18,0.0176,0.0312,0.0113,0.01,1:18,0.0484,0.0595,0.0246,0.0265,1:18,0.1278,0.135,0.0651,0.081,,,,
1:19,0.0176,0.0312,0.0113,0.01,1:19,0.0484,0.0595,0.0246,0.0265,1:19,0.1278,0.135,0.0651,0.081,,,,
1:20,0.0176,0.0312,0.0113,0.01,1:20,0.0484,0.0595,0.0246,0.0265,1:20,0.1278,0.135,0.0651,0.081,,,,
1:21,0.0176,0.0312,0.0113,0.01,1:21,0.0484,0.0595,0.0246,0.0265,1:21,0.1278,0.135,0.0651,0.081,,,,
1:22,0.0176,0.0312,0.0113,0.01,1:22,0.0484,0.0595,0.0246,0.0265,1:22,0.1278,0.135,0.0651,0.081,,,,
1:23,0.0176,0.0312,0.0113,0.01,1:23,0.0484,0.0595,0.0246,0.0265,1:23,0.1278,0.135,0.0651,0.081,,,,
1:24,0.0175,0.0316,0.0115,0.01,1:24,0.0489,0.0609,0.0249,0.0272,1:24,0.1345,0.1359,0.0685,0.0844,,,,
1:25,0.0175,0.0316,0.0115,0.01,1:25,0.0489,0.0609,0.0249,0.0272,1:25,0.1345,0.1359,0.0685,0.0844,,,,
1:26,0.0175,0.0316,0.0115,0.01,1:26,0.0489,0.0609,0.0249,0.0272,1:26,0.1345,0.1359,0.0685,0.0844,,,,
1:27,0.0175,0.0316,0.0115,0.01,1:27,0.0489,0.0609,0.0249,0.0272,1:27,0.1345,0.1359,0.0685,0.0844,,,,
1:28,0.0175,0.0316,0.0115,0.01,1:28,0.0489,0.0609,0.0249,0.0272,1:28,0.1345,0.1359,0.0685,0.0844,,,,
1:29,0.0175,0.0316,0.0115,0.01,1:29,0.0489,0.0609,0.0249,0.0272,1:29,0.1345,0.1359,0.0685,0.0844,,,,
1:30,0.0176,0.0297,0.0115,0.01,1:30,0.0494,0.0626,0.0251,0.0277,1:30,0.1442,0.125,0.0719,0.0878,,,,
1:31,0.0176,0.0297,0.0115,0.01,1:31,0.0494,0.0626,0.0251,0.0277,1:31,0.1442,0.125,0.0719,0.0878,,,,
1:32,0.0176,0.0297,0.0115,0.01,1:32,0.0494,0.0626,0.0251,0.0277,1:32,0.1442,0.125,0.0719,0.0878,,,,
1:33,0.0176,0.0297,0.0115,0.01,1:33,0.0494,0.0626,0.0251,0.0277,1:33,0.1442,0.125,0.0719,0.0878,,,,
1:34,0.0176,0.0297,0.0115,0.01,1:34,0.0494,0.0626,0.0251,0.0277,1:34,0.1442,0.125,0.0719,0.0878,,,,
1:35,0.0176,0.0297,0.0115,0.01,1:35,0.0494,0.0626,0.0251,0.0277,1:35,0.1442,0.125,0.0719,0.0878,,,,
1:36,0.0175,0.0298,0.0117,0.01,1:36,0.0497,0.0642,0.0253,0.0284,1:36,0.1568,0.1267,0.0764,0.0912,,,,
1:37,0.0175,0.0298,0.0117,0.01,1:37,0.0497,0.0642,0.0253,0.0284,1:37,0.1568,0.1267,0.0764,0.0912,,,,
1:38,0.0175,0.0298,0.0117,0.01,1:38,0.0497,0.0642,0.0253,0.0284,1:38,0.1568,0.1267,0.0764,0.0912,,,,
1:39,0.0175,0.0298,0.0117,0.01,1:39,0.0497,0.0642,0.0253,0.0284,1:39,0.1568,0.1267,0.0764,0.0912,,,,
1:40,0.0175,0.0298,0.0117,0.01,1:40,0.0497,0.0642,0.0253,0.0284,1:40,0.1568,0.1267,0.0764,0.0912,,,,
1:41,0.0175,0.0298,0.0117,0.01,1:41,0.0497,0.0642,0.0253,0.0284,1:41,0.1568,0.1267,0.0764,0.0912,,,,
1:42,0.0176,0.0299,0.0117,0.01,1:42,0.0502,0.0668,0.0256,0.0289,1:42,0.1697,0.1308,0.0821,0.0946,,,,
1:43,0.0176,0.0299,0.0117,0.01,1:43,0.0502,0.0668,0.0256,0.0289,1:43,0.1697,0.1308,0.0821,0.0946,,,,
1:44,0.0176,0.0299,0.0117,0.01,1:44,0.0502,0.0668,0.0256,0.0289,1:44,0.1697,0.1308,0.0821,0.0946,,,,
1:45,0.0176,0.0299,0.0117,0.01,1:45,0.0502,0.0668,0.0256,0.0289,1:45,0.1697,0.1308,0.0821,0.0946,,,,
1:46,0.0176,0.0299,0.0117,0.01,1:46,0.0502,0.0668,0.0256,0.0289,1:46,0.1697,0.1308,0.0821,0.0946,,,,
1:47,0.0176,0.0299,0.0117,0.01,1:47,0.0502,0.0668,0.0256,0.0289,1:47,0.1697,0.1308,0.0821,0.0946,,,,
1:48,0.0176,0.0301,0.0119,0.01,1:48,0.0505,0.0685,0.0258,0.0296,1:48,0.1825,0.1361,0.0877,0.098,,,,
1:49,0.0176,0.0301,0.0119,0.01,1:49,0.0505,0.0685,0.0258,0.0296,1:49,0.1825,0.1361,0.0877,0.098,,,,
1:50,0.0176,0.0301,0.0119,0.01,1:50,0.0505,0.0685,0.0258,0.0296,1:50,0.1825,0.1361,0.0877,0.098,,,,
1:51,0.0176,0.0301,0.0119,0.01,1:51,0.0505,0.0685,0.0258,0.0296,1:51,0.1825,0.1361,0.0877,0.098,,,,
1:52,0.0176,0.0301,0.0119,0.01,1:52,0.0505,0.0685,0.0258,0.0296,1:52,0.1825,0.1361,0.0877,0.098,,,,
1:53,0.0176,0.0301,0.0119,0.01,1:53,0.0505,0.0685,0.0258,0.0296,1:53,0.1825,0.1361,0.0877,0.098,,,,
1:54,0.0176,0.0305,0.0119,0.01,1:54,0.051,0.07,0.026,0.03,1:54,0.1951,0.1438,0.0934,0.1013,,,,
1:55,0.0176,0.0305,0.0119,0.01,1:55,0.051,0.07,0.026,0.03,1:55,0.1951,0.1438,0.0934,0.1013,,,,
1:56,0.0176,0.0305,0.0119,0.01,1:56,0.051,0.07,0.026,0.03,1:56,0.1951,0.1438,0.0934,0.1013,,,,
1:57,0.0176,0.0305,0.0119,0.01,1:57,0.051,0.07,0.026,0.03,1:57,0.1951,0.1438,0.0934,0.1013,,,,
1:58,0.0176,0.0305,0.0119,0.01,1:58,0.051,0.07,0.026,0.03,1:58,0.1951,0.1438,0.0934,0.1013,,,,
1:59,0.0176,0.0305,0.0119,0.01,1:59,0.051,0.07,0.026,0.03,1:59,0.1951,0.1438,0.0934,0.1013,,,,
2:00,0.0177,0.0315,0.0121,0.0101,2:00,0.0515,0.0713,0.0268,0.0311,2:00,0.2843,0.1532,0.0991,0.1095,,,,
2:01,0.0177,0.0315,0.0121,0.0101,2:01,0.0515,0.0713,0.0268,0.0311,2:01,0.2843,0.1532,0.0991,0.1095,,,,
2:02,0.0177,0.0315,0.0121,0.0101,2:02,0.0515,0.0713,0.0268,0.0311,2:02,0.2843,0.1532,0.0991,0.1095,,,,
2:03,0.0177,0.0315,0.0121,0.0101,2:03,0.0515,0.0713,0.0268,0.0311,2:03,0.2843,0.1532,0.0991,0.1095,,,,
2:04,0.0177,0.0315,0.0121,0.0101,2:04,0.0515,0.0713,0.0268,0.0311,2:04,0.2843,0.1532,0.0991,0.1095,,,,
2:05,0.0177,0.0315,0.0121,0.0101,2:05,0.0515,0.0713,0.0268,0.0311,2:05,0.2843,0.1532,0.0991,0.1095,,,,
2:06,0.0181,0.0318,0.0121,0.0102,2:06,0.0518,0.0726,0.0279,0.0324,2:06,0.4501,0.1645,0.1087,0.1225,,,,
2:07,0.0181,0.0318,0.0121,0.0102,2:07,0.0518,0.0726,0.0279,0.0324,2:07,0.4501,0.1645,0.1087,0.1225,,,,
2:08,0.0181,0.0318,0.0121,0.0102,2:08,0.0518,0.0726,0.0279,0.0324,2:08,0.4501,0.1645,0.1087,0.1225,,,,
2:09,0.0181,0.0318,0.0121,0.0102,2:09,0.0518,0.0726,0.0279,0.0324,2:09,0.4501,0.1645,0.1087,0.1225,,,,
2:10,0.0181,0.0318,0.0121,0.0102,2:10,0.0518,0.0726,0.0279,0.0324,2:10,0.4501,0.1645,0.1087,0.1225,,,,
2:11,0.0181,0.0318,0.0121,0.0102,2:11,0.0518,0.0726,0.0279,0.0324,2:11,0.4501,0.1645,0.1087,0.1225,,,,
2:12,0.0183,0.0321,0.0123,0.0104,2:12,0.0548,0.0719,0.0291,0.0338,2:12,0.7344,0.1776,0.1223,0.1355,,,,
2:13,0.0183,0.0321,0.0123,0.0104,2:13,0.0548,0.0719,0.0291,0.0338,2:13,0.7344,0.1776,0.1223,0.1355,,,,
2:14,0.0183,0.0321,0.0123,0.0104,2:14,0.0548,0.0719,0.0291,0.0338,2:14,0.7344,0.1776,0.1223,0.1355,,,,
2:15,0.0183,0.0321,0.0123,0.0104,2:15,0.0548,0.0719,0.0291,0.0338,2:15,0.7344,0.1776,0.1223,0.1355,,,,
2:16,0.0183,0.0321,0.0123,0.0104,2:16,0.0548,0.0719,0.0291,0.0338,2:16,0.7344,0.1776,0.1223,0.1355,,,,
2:17,0.0183,0.0321,0.0123,0.0104,2:17,0.0548,0.0719,0.0291,0.0338,2:17,0.7344,0.1776,0.1223,0.1355,,,,
2:18,0.0186,0.0322,0.0123,0.0105,2:18,0.0602,0.0735,0.0303,0.035,2:18,1.3039,0.1925,0.1359,0.1485,,,,
2:19,0.0186,0.0322,0.0123,0.0105,2:19,0.0602,0.0735,0.0303,0.035,2:19,1.3039,0.1925,0.1359,0.1485,,,,
2:20,0.0186,0.0322,0.0123,0.0105,2:20,0.0602,0.0735,0.0303,0.035,2:20,1.3039,0.1925,0.1359,0.1485,,,,
2:21,0.0186,0.0322,0.0123,0.0105,2:21,0.0602,0.0735,0.0303,0.035,2:21,1.3039,0.1925,0.1359,0.1485,,,,
2:22,0.0186,0.0322,0.0123,0.0105,2:22,0.0602,0.0735,0.0303,0.035,2:22,1.3039,0.1925,0.1359,0.1485,,,,
2:23,0.0186,0.0322,0.0123,0.0105,2:23,0.0602,0.0735,0.0303,0.035,2:23,1.3039,0.1925,0.1359,0.1485,,,,
2:24,0.0189,0.0324,0.0125,0.0107,2:24,0.0657,0.0754,0.0315,0.0364,2:24,0.8974,0.2096,0.1494,0.1615,,,,
2:25,0.0189,0.0324,0.0125,0.0107,2:25,0.0657,0.0754,0.0315,0.0364,2:25,0.8974,0.2096,0.1494,0.1615,,,,
2:26,0.0189,0.0324,0.0125,0.0107,2:26,0.0657,0.0754,0.0315,0.0364,2:26,0.8974,0.2096,0.1494,0.1615,,,,
2:27,0.0189,0.0324,0.0125,0.0107,2:27,0.0657,0.0754,0.0315,0.0364,2:27,0.8974,0.2096,0.1494,0.1615,,,,
2:28,0.0189,0.0324,0.0125,0.0107,2:28,0.0657,0.0754,0.0315,0.0364,2:28,0.8974,0.2096,0.1494,0.1615,,,,
2:29,0.0189,0.0324,0.0125,0.0107,2:29,0.0657,0.0754,0.0315,0.0364,2:29,0.8974,0.2096,0.1494,0.1615,,,,
2:30,0.0192,0.032,0.0125,0.0108,2:30,0.0712,0.0774,0.0327,0.0377,2:30,0.2978,0.4577,0.163,0.2301,,,,
2:31,0.0192,0.032,0.0125,0.0108,2:31,0.0712,0.0774,0.0327,0.0377,2:31,0.2978,0.4577,0.163,0.2301,,,,
2:32,0.0192,0.032,0.0125,0.0108,2:32,0.0712,0.0774,0.0327,0.0377,2:32,0.2978,0.4577,0.163,0.2301,,,,
2:33,0.0192,0.032,0.0125,0.0108,2:33,0.0712,0.0774,0.0327,0.0377,2:33,0.2978,0.4577,0.163,0.2301,,,,
2:34,0.0192,0.032,0.0125,0.0108,2:34,0.0712,0.0774,0.0327,0.0377,2:34,0.2978,0.4577,0.163,0.2301,,,,
2:35,0.0192,0.032,0.0125,0.0108,2:35,0.0712,0.0774,0.0327,0.0377,2:35,0.2978,0.4577,0.163,0.2301,,,,
2:36,0.0195,0.032,0.0127,0.011,2:36,0.0766,0.0802,0.0339,0.0391,2:36,0.2666,0.4972,0.3374,0.3543,,,,
2:37,0.0195,0.032,0.0127,0.011,2:37,0.0766,0.0802,0.0339,0.0391,2:37,0.2666,0.4972,0.3374,0.3543,,,,
2:38,0.0195,0.032,0.0127,0.011,2:38,0.0766,0.0802,0.0339,0.0391,2:38,0.2666,0.4972,0.3374,0.3543,,,,
2:39,0.0195,0.032,0.0127,0.011,2:39,0.0766,0.0802,0.0339,0.0391,2:39,0.2666,0.4972,0.3374,0.3543,,,,
2:40,0.0195,0.032,0.0127,0.011,2:40,0.0766,0.0802,0.0339,0.0391,2:40,0.2666,0.4972,0.3374,0.3543,,,,
2:41,0.0195,0.032,0.0127,0.011,2:41,0.0766,0.0802,0.0339,0.0391,2:41,0.2666,0.4972,0.3374,0.3543,,,,
2:42,0.0198,0.032,0.0127,0.0111,2:42,0.0819,0.0867,0.0351,0.0404,2:42,0.2354,0.5143,0.6725,0.4785,,,,
2:43,0.0198,0.032,0.0127,0.0111,2:43,0.0819,0.0867,0.0351,0.0404,2:43,0.2354,0.5143,0.6725,0.4785,,,,
2:44,0.0198,0.032,0.0127,0.0111,2:44,0.0819,0.0867,0.0351,0.0404,2:44,0.2354,0.5143,0.6725,0.4785,,,,
2:45,0.0198,0.032,0.0127,0.0111,2:45,0.0819,0.0867,0.0351,0.0404,2:45,0.2354,0.5143,0.6725,0.4785,,,,
2:46,0.0198,0.032,0.0127,0.0111,2:46,0.0819,0.0867,0.0351,0.0404,2:46,0.2354,0.5143,0.6725,0.4785,,,,
2:47,0.0198,0.032,0.0127,0.0111,2:47,0.0819,0.0867,0.0351,0.0404,2:47,0.2354,0.5143,0.6725,0.4785,,,,
2:48,0.02,0.032,0.0129,0.0113,2:48,0.087,0.089,0.0363,0.0418,2:48,0.2043,0.5083,1.0816,0.6027,,,,
2:49,0.02,0.032,0.0129,0.0113,2:49,0.087,0.089,0.0363,0.0418,2:49,0.2043,0.5083,1.0816,0.6027,,,,
2:50,0.02,0.032,0.0129,0.0113,2:50,0.087,0.089,0.0363,0.0418,2:50,0.2043,0.5083,1.0816,0.6027,,,,
2:51,0.02,0.032,0.0129,0.0113,2:51,0.087,0.089,0.0363,0.0418,2:51,0.2043,0.5083,1.0816,0.6027,,,,
2:52,0.02,0.032,0.0129,0.0113,2:52,0.087,0.089,0.0363,0.0418,2:52,0.2043,0.5083,1.0816,0.6027,,,,
2:53,0.02,0.032,0.0129,0.0113,2:53,0.087,0.089,0.0363,0.0418,2:53,0.2043,0.5083,1.0816,0.6027,,,,
2:54,0.0204,0.032,0.0129,0.0114,2:54,0.092,0.0908,0.0375,0.0431,2:54,0.1731,0.4797,1.9398,1.1856,,,,
2:55,0.0204,0.032,0.0129,0.0114,2:55,0.092,0.0908,0.0375,0.0431,2:55,0.1731,0.4797,1.9398,1.1856,,,,
2:56,0.0204,0.032,0.0129,0.0114,2:56,0.092,0.0908,0.0375,0.0431,2:56,0.1731,0.4797,1.9398,1.1856,,,,
2:57,0.0204,0.032,0.0129,0.0114,2:57,0.092,0.0908,0.0375,0.0431,2:57,0.1731,0.4797,1.9398,1.1856,,,,
2:58,0.0204,0.032,0.0129,0.0114,2:58,0.092,0.0908,0.0375,0.0431,2:58,0.1731,0.4797,1.9398,1.1856,,,,
2:59,0.0204,0.032,0.0129,0.0114,2:59,0.092,0.0908,0.0375,0.0431,2:59,0.1731,0.4797,1.9398,1.1856,,,,
3:00,0.0206,0.0314,0.0131,0.0116,3:00,0.097,0.0919,0.038,0.0445,3:00,0.1537,0.3068,1.3464,1.1856,,,,
3:01,0.0206,0.0314,0.0131,0.0116,3:01,0.097,0.0919,0.038,0.0445,3:01,0.1537,0.3068,1.3464,1.1856,,,,
3:02,0.0206,0.0314,0.0131,0.0116,3:02,0.097,0.0919,0.038,0.0445,3:02,0.1537,0.3068,1.3464,1.1856,,,,
3:03,0.0206,0.0314,0.0131,0.0116,3:03,0.097,0.0919,0.038,0.0445,3:03,0.1537,0.3068,1.3464,1.1856,,,,
3:04,0.0206,0.0314,0.0131,0.0116,3:04,0.097,0.0919,0.038,0.0445,3:04,0.1537,0.3068,1.3464,1.1856,,,,
3:05,0.0206,0.0314,0.0131,0.0116,3:05,0.097,0.0919,0.038,0.0445,3:05,0.1537,0.3068,1.3464,1.1856,,,,
3:06,0.021,0.0315,0.0131,0.0117,3:06,0.1021,0.0925,0.038,0.0458,3:06,0.1461,0.2632,0.2683,0.6027,,,,
3:07,0.021,0.0315,0.0131,0.0117,3:07,0.1021,0.0925,0.038,0.0458,3:07,0.1461,0.2632,0.2683,0.6027,,,,
3:08,0.021,0.0315,0.0131,0.0117,3:08,0.1021,0.0925,0.038,0.0458,3:08,0.1461,0.2632,0.2683,0.6027,,,,
3:09,0.021,0.0315,0.0131,0.0117,3:09,0.1021,0.0925,0.038,0.0458,3:09,0.1461,0.2632,0.2683,0.6027,,,,
3:10,0.021,0.0315,0.0131,0.0117,3:10,0.1021,0.0925,0.038,0.0458,3:10,0.1461,0.2632,0.2683,0.6027,,,,
3:11,0.021,0.0315,0.0131,0.0117,3:11,0.1021,0.0925,0.038,0.0458,3:11,0.1461,0.2632,0.2683,0.6027,,,,
3:12,0.0212,0.0318,0.0133,0.0119,3:12,0.1095,0.0851,0.038,0.0472,3:12,0.1385,0.2274,0.2361,0.4785,,,,
3:13,0.0212,0.0318,0.0133,0.0119,3:13,0.1095,0.0851,0.038,0.0472,3:13,0.1385,0.2274,0.2361,0.4785,,,,
3:14,0.0212,0.0318,0.0133,0.0119,3:14,0.1095,0.0851,0.038,0.0472,3:14,0.1385,0.2274,0.2361,0.4785,,,,
3:15,0.0212,0.0318,0.0133,0.0119,3:15,0.1095,0.0851,0.038,0.0472,3:15,0.1385,0.2274,0.2361,0.4785,,,,
3:16,0.0212,0.0318,0.0133,0.0119,3:16,0.1095,0.0851,0.038,0.0472,3:16,0.1385,0.2274,0.2361,0.4785,,,,
3:17,0.0212,0.0318,0.0133,0.0119,3:17,0.1095,0.0851,0.038,0.0472,3:17,0.1385,0.2274,0.2361,0.4785,,,,
3:18,0.0215,0.0324,0.0133,0.012,3:18,0.119,0.0863,0.038,0.0485,3:18,0.1309,0.1991,0.2038,0.3543,,,,
3:19,0.0215,0.0324,0.0133,0.012,3:19,0.119,0.0863,0.038,0.0485,3:19,0.1309,0.1991,0.2038,0.3543,,,,
3:20,0.0215,0.0324,0.0133,0.012,3:20,0.119,0.0863,0.038,0.0485,3:20,0.1309,0.1991,0.2038,0.3543,,,,
3:21,0.0215,0.0324,0.0133,0.012,3:21,0.119,0.0863,0.038,0.0485,3:21,0.1309,0.1991,0.2038,0.3543,,,,
3:22,0.0215,0.0324,0.0133,0.012,3:22,0.119,0.0863,0.038,0.0485,3:22,0.1309,0.1991,0.2038,0.3543,,,,
3:23,0.0215,0.0324,0.0133,0.012,3:23,0.119,0.0863,0.038,0.0485,3:23,0.1309,0.1991,0.2038,0.3543,,,,
3:24,0.0218,0.0329,0.0135,0.0122,3:24,0.1288,0.089,0.038,0.0499,3:24,0.1233,0.1786,0.1715,0.2301,,,,
3:25,0.0218,0.0329,0.0135,0.0122,3:25,0.1288,0.089,0.038,0.0499,3:25,0.1233,0.1786,0.1715,0.2301,,,,
3:26,0.0218,0.0329,0.0135,0.0122,3:26,0.1288,0.089,0.038,0.0499,3:26,0.1233,0.1786,0.1715,0.2301,,,,
3:27,0.0218,0.0329,0.0135,0.0122,3:27,0.1288,0.089,0.038,0.0499,3:27,0.1233,0.1786,0.1715,0.2301,,,,
3:28,0.0218,0.0329,0.0135,0.0122,3:28,0.1288,0.089,0.038,0.0499,3:28,0.1233,0.1786,0.1715,0.2301,,,,
3:29,0.0218,0.0329,0.0135,0.0122,3:29,0.1288,0.089,0.038,0.0499,3:29,0.1233,0.1786,0.1715,0.2301,,,,
3:30,0.0221,0.0347,0.0135,0.0123,3:30,0.1385,0.0927,0.039,0.0512,3:30,0.1181,0.1932,0.1393,0.1615,,,,
3:31,0.0221,0.0347,0.0135,0.0123,3:31,0.1385,0.0927,0.039,0.0512,3:31,0.1181,0.1932,0.1393,0.1615,,,,
3:32,0.0221,0.0347,0.0135,0.0123,3:32,0.1385,0.0927,0.039,0.0512,3:32,0.1181,0.1932,0.1393,0.1615,,,,
3:33,0.0221,0.0347,0.0135,0.0123,3:33,0.1385,0.0927,0.039,0.0512,3:33,0.1181,0.1932,0.1393,0.1615,,,,
3:34,0.0221,0.0347,0.0135,0.0123,3:34,0.1385,0.0927,0.039,0.0512,3:34,0.1181,0.1932,0.1393,0.1615,,,,
3:35,0.0221,0.0347,0.0135,0.0123,3:35,0.1385,0.0927,0.039,0.0512,3:35,0.1181,0.1932,0.1393,0.1615,,,,
3:36,0.0224,0.0355,0.0137,0.0125,3:36,0.1481,0.0979,0.0409,0.0526,3:36,0.1153,0.1812,0.1194,0.1485,,,,
3:37,0.0224,0.0355,0.0137,0.0125,3:37,0.1481,0.0979,0.0409,0.0526,3:37,0.1153,0.1812,0.1194,0.1485,,,,
3:38,0.0224,0.0355,0.0137,0.0125,3:38,0.1481,0.0979,0.0409,0.0526,3:38,0.1153,0.1812,0.1194,0.1485,,,,
3:39,0.0224,0.0355,0.0137,0.0125,3:39,0.1481,0.0979,0.0409,0.0526,3:39,0.1153,0.1812,0.1194,0.1485,,,,
3:40,0.0224,0.0355,0.0137,0.0125,3:40,0.1481,0.0979,0.0409,0.0526,3:40,0.1153,0.1812,0.1194,0.1485,,,,
3:41,0.0224,0.0355,0.0137,0.0125,3:41,0.1481,0.0979,0.0409,0.0526,3:41,0.1153,0.1812,0.1194,0.1485,,,,
3:42,0.0227,0.036,0.0137,0.0126,3:42,0.2158,0.1043,0.0428,0.0539,3:42,0.1125,0.1701,0.1121,0.1355,,,,
3:43,0.0227,0.036,0.0137,0.0126,3:43,0.2158,0.1043,0.0428,0.0539,3:43,0.1125,0.1701,0.1121,0.1355,,,,
3:44,0.0227,0.036,0.0137,0.0126,3:44,0.2158,0.1043,0.0428,0.0539,3:44,0.1125,0.1701,0.1121,0.1355,,,,
3:45,0.0227,0.036,0.0137,0.0126,3:45,0.2158,0.1043,0.0428,0.0539,3:45,0.1125,0.1701,0.1121,0.1355,,,,
3:46,0.0227,0.036,0.0137,0.0126,3:46,0.2158,0.1043,0.0428,0.0539,3:46,0.1125,0.1701,0.1121,0.1355,,,,
3:47,0.0227,0.036,0.0137,0.0126,3:47,0.2158,0.1043,0.0428,0.0539,3:47,0.1125,0.1701,0.1121,0.1355,,,,
3:48,0.0229,0.0367,0.0139,0.0128,3:48,0.3416,0.112,0.0447,0.0553,3:48,0.1098,0.1598,0.1047,0.1225,,,,
3:49,0.0229,0.0367,0.0139,0.0128,3:49,0.3416,0.112,0.0447,0.0553,3:49,0.1098,0.1598,0.1047,0.1225,,,,
3:50,0.0229,0.0367,0.0139,0.0128,3:50,0.3416,0.112,0.0447,0.0553,3:50,0.1098,0.1598,0.1047,0.1225,,,,
3:51,0.0229,0.0367,0.0139,0.0128,3:51,0.3416,0.112,0.0447,0.0553,3:51,0.1098,0.1598,0.1047,0.1225,,,,
3:52,0.0229,0.0367,0.0139,0.0128,3:52,0.3416,0.112,0.0447,0.0553,3:52,0.1098,0.1598,0.1047,0.1225,,,,
3:53,0.0229,0.0367,0.0139,0.0128,3:53,0.3416,0.112,0.0447,0.0553,3:53,0.1098,0.1598,0.1047,0.1225,,,,
3:54,0.0233,0.0371,0.0139,0.0129,3:54,0.5574,0.1209,0.0466,0.0565,3:54,0.107,0.1504,0.0974,0.1095,,,,
3:55,0.0233,0.0371,0.0139,0.0129,3:55,0.5574,0.1209,0.0466,0.0565,3:55,0.107,0.1504,0.0974,0.1095,,,,
3:56,0.0233,0.0371,0.0139,0.0129,3:56,0.5574,0.1209,0.0466,0.0565,3:56,0.107,0.1504,0.0974,0.1095,,,,
3:57,0.0233,0.0371,0.0139,0.0129,3:57,0.5574,0.1209,0.0466,0.0565,3:57,0.107,0.1504,0.0974,0.1095,,,,
3:58,0.0233,0.0371,0.0139,0.0129,3:58,0.5574,0.1209,0.0466,0.0565,3:58,0.107,0.1504,0.0974,0.1095,,,,
3:59,0.0233,0.0371,0.0139,0.0129,3:59,0.5574,0.1209,0.0466,0.0565,3:59,0.107,0.1504,0.0974,0.1095,,,,
4:00,0.0235,0.0369,0.0141,0.0131,4:00,0.9897,0.1311,0.049,0.0586,4:00,0.1042,0.1419,0.09,0.1013,,,,
4:01,0.0235,0.0369,0.0141,0.0131,4:01,0.9897,0.1311,0.049,0.0586,4:01,0.1042,0.1419,0.09,0.1013,,,,
4:02,0.0235,0.0369,0.0141,0.0131,4:02,0.9897,0.1311,0.049,0.0586,4:02,0.1042,0.1419,0.09,0.1013,,,,
4:03,0.0235,0.0369,0.0141,0.0131,4:03,0.9897,0.1311,0.049,0.0586,4:03,0.1042,0.1419,0.09,0.1013,,,,
4:04,0.0235,0.0369,0.0141,0.0131,4:04,0.9897,0.1311,0.049,0.0586,4:04,0.1042,0.1419,0.09,0.1013,,,,
4:05,0.0235,0.0369,0.0141,0.0131,4:05,0.9897,0.1311,0.049,0.0586,4:05,0.1042,0.1419,0.09,0.1013,,,,
4:06,0.0235,0.0373,0.0143,0.0132,4:06,0.6812,0.1427,0.0518,0.0614,4:06,0.1014,0.1342,0.0843,0.098,,,,
4:07,0.0235,0.0373,0.0143,0.0132,4:07,0.6812,0.1427,0.0518,0.0614,4:07,0.1014,0.1342,0.0843,0.098,,,,
4:08,0.0235,0.0373,0.0143,0.0132,4:08,0.6812,0.1427,0.0518,0.0614,4:08,0.1014,0.1342,0.0843,0.098,,,,
4:09,0.0235,0.0373,0.0143,0.0132,4:09,0.6812,0.1427,0.0518,0.0614,4:09,0.1014,0.1342,0.0843,0.098,,,,
4:10,0.0235,0.0373,0.0143,0.0132,4:10,0.6812,0.1427,0.0518,0.0614,4:10,0.1014,0.1342,0.0843,0.098,,,,
4:11,0.0235,0.0373,0.0143,0.0132,4:11,0.6812,0.1427,0.0518,0.0614,4:11,0.1014,0.1342,0.0843,0.098,,,,
4:12,0.0237,0.0379,0.0145,0.0134,4:12,0.226,0.3116,0.0547,0.0643,4:12,0.0987,0.1274,0.0804,0.0946,,,,
4:13,0.0237,0.0379,0.0145,0.0134,4:13,0.226,0.3116,0.0547,0.0643,4:13,0.0987,0.1274,0.0804,0.0946,,,,
4:14,0.0237,0.0379,0.0145,0.0134,4:14,0.226,0.3116,0.0547,0.0643,4:14,0.0987,0.1274,0.0804,0.0946,,,,
4:15,0.0237,0.0379,0.0145,0.0134,4:15,0.226,0.3116,0.0547,0.0643,4:15,0.0987,0.1274,0.0804,0.0946,,,,
4:16,0.0237,0.0379,0.0145,0.0134,4:16,0.226,0.3116,0.0547,0.0643,4:16,0.0987,0.1274,0.0804,0.0946,,,,
4:17,0.0237,0.0379,0.0145,0.0134,4:17,0.226,0.3116,0.0547,0.0643,4:17,0.0987,0.1274,0.0804,0.0946,,,,
4:18,0.0238,0.0386,0.0147,0.0135,4:18,0.2023,0.3385,0.0576,0.0671,4:18,0.0959,0.1214,0.0764,0.0912,,,,
4:19,0.0238,0.0386,0.0147,0.0135,4:19,0.2023,0.3385,0.0576,0.0671,4:19,0.0959,0.1214,0.0764,0.0912,,,,
4:20,0.0238,0.0386,0.0147,0.0135,4:20,0.2023,0.3385,0.0576,0.0671,4:20,0.0959,0.1214,0.0764,0.0912,,,,
4:21,0.0238,0.0386,0.0147,0.0135,4:21,0.2023,0.3385,0.0576,0.0671,4:21,0.0959,0.1214,0.0764,0.0912,,,,
4:22,0.0238,0.0386,0.0147,0.0135,4:22,0.2023,0.3385,0.0576,0.0671,4:22,0.0959,0.1214,0.0764,0.0912,,,,
4:23,0.0238,0.0386,0.0147,0.0135,4:23,0.2023,0.3385,0.0576,0.0671,4:23,0.0959,0.1214,0.0764,0.0912,,,,
4:24,0.0239,0.0393,0.0149,0.0137,4:24,0.1787,0.3501,0.0604,0.0699,4:24,0.0931,0.1162,0.0725,0.0878,,,,
4:25,0.0239,0.0393,0.0149,0.0137,4:25,0.1787,0.3501,0.0604,0.0699,4:25,0.0931,0.1162,0.0725,0.0878,,,,
4:26,0.0239,0.0393,0.0149,0.0137,4:26,0.1787,0.3501,0.0604,0.0699,4:26,0.0931,0.1162,0.0725,0.0878,,,,
4:27,0.0239,0.0393,0.0149,0.0137,4:27,0.1787,0.3501,0.0604,0.0699,4:27,0.0931,0.1162,0.0725,0.0878,,,,
4:28,0.0239,0.0393,0.0149,0.0137,4:28,0.1787,0.3501,0.0604,0.0699,4:28,0.0931,0.1162,0.0725,0.0878,,,,
4:29,0.0239,0.0393,0.0149,0.0137,4:29,0.1787,0.3501,0.0604,0.0699,4:29,0.0931,0.1162,0.0725,0.0878,,,,
4:30,0.024,0.0401,0.0151,0.0138,4:30,0.155,0.3461,0.0642,0.0727,4:30,0.0909,0.1205,0.0685,0.0844,,,,
4:31,0.024,0.0401,0.0151,0.0138,4:31,0.155,0.3461,0.0642,0.0727,4:31,0.0909,0.1205,0.0685,0.0844,,,,
4:32,0.024,0.0401,0.0151,0.0138,4:32,0.155,0.3461,0.0642,0.0727,4:32,0.0909,0.1205,0.0685,0.0844,,,,
4:33,0.024,0.0401,0.0151,0.0138,4:33,0.155,0.3461,0.0642,0.0727,4:33,0.0909,0.1205,0.0685,0.0844,,,,
4:34,0.024,0.0401,0.0151,0.0138,4:34,0.155,0.3461,0.0642,0.0727,4:34,0.0909,0.1205,0.0685,0.0844,,,,
4:35,0.024,0.0401,0.0151,0.0138,4:35,0.155,0.3461,0.0642,0.0727,4:35,0.0909,0.1205,0.0685,0.0844,,,,
4:36,0.0241,0.0409,0.0153,0.014,4:36,0.1314,0.3266,0.069,0.0755,4:36,0.0892,0.1179,0.0651,0.081,,,,
4:37,0.0241,0.0409,0.0153,0.014,4:37,0.1314,0.3266,0.069,0.0755,4:37,0.0892,0.1179,0.0651,0.081,,,,
4:38,0.0241,0.0409,0.0153,0.014,4:38,0.1314,0.3266,0.069,0.0755,4:38,0.0892,0.1179,0.0651,0.081,,,,
4:39,0.0241,0.0409,0.0153,0.014,4:39,0.1314,0.3266,0.069,0.0755,4:39,0.0892,0.1179,0.0651,0.081,,,,
4:40,0.0241,0.0409,0.0153,0.014,4:40,0.1314,0.3266,0.069,0.0755,4:40,0.0892,0.1179,0.0651,0.081,,,,
4:41,0.0241,0.0409,0.0153,0.014,4:41,0.1314,0.3266,0.069,0.0755,4:41,0.0892,0.1179,0.0651,0.081,,,,
4:42,0.0242,0.0419,0.0155,0.0141,4:42,0.1167,0.2089,0.0737,0.0783,4:42,0.0874,0.1154,0.0623,0.0776,,,,
4:43,0.0242,0.0419,0.0155,0.0141,4:43,0.1167,0.2089,0.0737,0.0783,4:43,0.0874,0.1154,0.0623,0.0776,,,,
4:44,0.0242,0.0419,0.0155,0.0141,4:44,0.1167,0.2089,0.0737,0.0783,4:44,0.0874,0.1154,0.0623,0.0776,,,,
4:45,0.0242,0.0419,0.0155,0.0141,4:45,0.1167,0.2089,0.0737,0.0783,4:45,0.0874,0.1154,0.0623,0.0776,,,,
4:46,0.0242,0.0419,0.0155,0.0141,4:46,0.1167,0.2089,0.0737,0.0783,4:46,0.0874,0.1154,0.0623,0.0776,,,,
4:47,0.0242,0.0419,0.0155,0.0141,4:47,0.1167,0.2089,0.0737,0.0783,4:47,0.0874,0.1154,0.0623,0.0776,,,,
4:48,0.0244,0.043,0.0157,0.0143,4:48,0.1109,0.1792,0.0785,0.0811,4:48,0.0857,0.1128,0.0594,0.0742,,,,
4:49,0.0244,0.043,0.0157,0.0143,4:49,0.1109,0.1792,0.0785,0.0811,4:49,0.0857,0.1128,0.0594,0.0742,,,,
4:50,0.0244,0.043,0.0157,0.0143,4:50,0.1109,0.1792,0.0785,0.0811,4:50,0.0857,0.1128,0.0594,0.0742,,,,
4:51,0.0244,0.043,0.0157,0.0143,4:51,0.1109,0.1792,0.0785,0.0811,4:51,0.0857,0.1128,0.0594,0.0742,,,,
4:52,0.0244,0.043,0.0157,0.0143,4:52,0.1109,0.1792,0.0785,0.0811,4:52,0.0857,0.1128,0.0594,0.0742,,,,
4:53,0.0244,0.043,0.0157,0.0143,4:53,0.1109,0.1792,0.0785,0.0811,4:53,0.0857,0.1128,0.0594,0.0742,,,,
4:54,0.0244,0.0441,0.0159,0.0144,4:54,0.1051,0.1548,0.0832,0.0839,4:54,0.084,0.1103,0.0566,0.0709,,,,
4:55,0.0244,0.0441,0.0159,0.0144,4:55,0.1051,0.1548,0.0832,0.0839,4:55,0.084,0.1103,0.0566,0.0709,,,,
4:56,0.0244,0.0441,0.0159,0.0144,4:56,0.1051,0.1548,0.0832,0.0839,4:56,0.084,0.1103,0.0566,0.0709,,,,
4:57,0.0244,0.0441,0.0159,0.0144,4:57,0.1051,0.1548,0.0832,0.0839,4:57,0.084,0.1103,0.0566,0.0709,,,,
4:58,0.0244,0.0441,0.0159,0.0144,4:58,0.1051,0.1548,0.0832,0.0839,4:58,0.084,0.1103,0.0566,0.0709,,,,
4:59,0.0244,0.0441,0.0159,0.0144,4:59,0.1051,0.1548,0.0832,0.0839,4:59,0.084,0.1103,0.0566,0.0709,,,,
5:00,0.0246,0.0459,0.0161,0.0146,5:00,0.0993,0.1356,0.0913,0.0907,5:00,0.0822,0.1064,0.0538,0.0683,,,,
5:01,0.0246,0.0459,0.0161,0.0146,5:01,0.0993,0.1356,0.0913,0.0907,5:01,0.0822,0.1064,0.0538,0.0683,,,,
5:02,0.0246,0.0459,0.0161,0.0146,5:02,0.0993,0.1356,0.0913,0.0907,5:02,0.0822,0.1064,0.0538,0.0683,,,,
5:03,0.0246,0.0459,0.0161,0.0146,5:03,0.0993,0.1356,0.0913,0.0907,5:03,0.0822,0.1064,0.0538,0.0683,,,,
5:04,0.0246,0.0459,0.0161,0.0146,5:04,0.0993,0.1356,0.0913,0.0907,5:04,0.0822,0.1064,0.0538,0.0683,,,,
5:05,0.0246,0.0459,0.0161,0.0146,5:05,0.0993,0.1356,0.0913,0.0907,5:05,0.0822,0.1064,0.0538,0.0683,,,,
5:06,0.0246,0.0471,0.0163,0.0147,5:06,0.0936,0.1216,0.1027,0.1014,5:06,0.0805,0.1041,0.0519,0.0668,,,,
5:07,0.0246,0.0471,0.0163,0.0147,5:07,0.0936,0.1216,0.1027,0.1014,5:07,0.0805,0.1041,0.0519,0.0668,,,,
5:08,0.0246,0.0471,0.0163,0.0147,5:08,0.0936,0.1216,0.1027,0.1014,5:08,0.0805,0.1041,0.0519,0.0668,,,,
5:09,0.0246,0.0471,0.0163,0.0147,5:09,0.0936,0.1216,0.1027,0.1014,5:09,0.0805,0.1041,0.0519,0.0668,,,,
5:10,0.0246,0.0471,0.0163,0.0147,5:10,0.0936,0.1216,0.1027,0.1014,5:10,0.0805,0.1041,0.0519,0.0668,,,,
5:11,0.0246,0.0471,0.0163,0.0147,5:11,0.0936,0.1216,0.1027,0.1014,5:11,0.0805,0.1041,0.0519,0.0668,,,,
5:12,0.0248,0.0481,0.0165,0.0149,5:12,0.0896,0.1315,0.1141,0.1121,5:12,0.0788,0.1021,0.0508,0.0651,,,,
5:13,0.0248,0.0481,0.0165,0.0149,5:13,0.0896,0.1315,0.1141,0.1121,5:13,0.0788,0.1021,0.0508,0.0651,,,,
5:14,0.0248,0.0481,0.0165,0.0149,5:14,0.0896,0.1315,0.1141,0.1121,5:14,0.0788,0.1021,0.0508,0.0651,,,,
5:15,0.0248,0.0481,0.0165,0.0149,5:15,0.0896,0.1315,0.1141,0.1121,5:15,0.0788,0.1021,0.0508,0.0651,,,,
5:16,0.0248,0.0481,0.0165,0.0149,5:16,0.0896,0.1315,0.1141,0.1121,5:16,0.0788,0.1021,0.0508,0.0651,,,,
5:17,0.0248,0.0481,0.0165,0.0149,5:17,0.0896,0.1315,0.1141,0.1121,5:17,0.0788,0.1021,0.0508,0.0651,,,,
5:18,0.0249,0.049,0.0167,0.015,5:18,0.0875,0.1234,0.1256,0.1229,5:18,0.077,0.1009,0.05,0.0635,,,,
5:19,0.0249,0.049,0.0167,0.015,5:19,0.0875,0.1234,0.1256,0.1229,5:19,0.077,0.1009,0.05,0.0635,,,,
5:20,0.0249,0.049,0.0167,0.015,5:20,0.0875,0.1234,0.1256,0.1229,5:20,0.077,0.1009,0.05,0.0635,,,,
5:21,0.0249,0.049,0.0167,0.015,5:21,0.0875,0.1234,0.1256,0.1229,5:21,0.077,0.1009,0.05,0.0635,,,,
5:22,0.0249,0.049,0.0167,0.015,5:22,0.0875,0.1234,0.1256,0.1229,5:22,0.077,0.1009,0.05,0.0635,,,,
5:23,0.0249,0.049,0.0167,0.015,5:23,0.0875,0.1234,0.1256,0.1229,5:23,0.077,0.1009,0.05,0.0635,,,,
5:24,0.025,0.0499,0.0169,0.0152,5:24,0.0854,0.1158,0.137,0.1336,5:24,0.0753,0.0994,0.0488,0.0618,,,,
5:25,0.025,0.0499,0.0169,0.0152,5:25,0.0854,0.1158,0.137,0.1336,5:25,0.0753,0.0994,0.0488,0.0618,,,,
5:26,0.025,0.0499,0.0169,0.0152,5:26,0.0854,0.1158,0.137,0.1336,5:26,0.0753,0.0994,0.0488,0.0618,,,,
5:27,0.025,0.0499,0.0169,0.0152,5:27,0.0854,0.1158,0.137,0.1336,5:27,0.0753,0.0994,0.0488,0.0618,,,,
5:28,0.025,0.0499,0.0169,0.0152,5:28,0.0854,0.1158,0.137,0.1336,5:28,0.0753,0.0994,0.0488,0.0618,,,,
5:29,0.025,0.0499,0.0169,0.0152,5:29,0.0854,0.1158,0.137,0.1336,5:29,0.0753,0.0994,0.0488,0.0618,,,,
5:30,0.0251,0.0494,0.0171,0.0153,5:30,0.0833,0.1088,0.2835,0.1904,5:30,0.0736,0.1017,0.048,0.0603,,,,
5:31,0.0251,0.0494,0.0171,0.0153,5:31,0.0833,0.1088,0.2835,0.1904,5:31,0.0736,0.1017,0.048,0.0603,,,,
5:32,0.0251,0.0494,0.0171,0.0153,5:32,0.0833,0.1088,0.2835,0.1904,5:32,0.0736,0.1017,0.048,0.0603,,,,
5:33,0.0251,0.0494,0.0171,0.0153,5:33,0.0833,0.1088,0.2835,0.1904,5:33,0.0736,0.1017,0.048,0.0603,,,,
5:34,0.0251,0.0494,0.0171,0.0153,5:34,0.0833,0.1088,0.2835,0.1904,5:34,0.0736,0.1017,0.048,0.0603,,,,
5:35,0.0251,0.0494,0.0171,0.0153,5:35,0.0833,0.1088,0.2835,0.1904,5:35,0.0736,0.1017,0.048,0.0603,,,,
5:36,0.0252,0.0505,0.0173,0.0155,5:36,0.0812,0.1024,0.565,0.2932,5:36,0.0718,0.1,0.0468,0.0586,,,,
5:37,0.0252,0.0505,0.0173,0.0155,5:37,0.0812,0.1024,0.565,0.2932,5:37,0.0718,0.1,0.0468,0.0586,,,,
5:38,0.0252,0.0505,0.0173,0.0155,5:38,0.0812,0.1024,0.565,0.2932,5:38,0.0718,0.1,0.0468,0.0586,,,,
5:39,0.0252,0.0505,0.0173,0.0155,5:39,0.0812,0.1024,0.565,0.2932,5:39,0.0718,0.1,0.0468,0.0586,,,,
5:40,0.0252,0.0505,0.0173,0.0155,5:40,0.0812,0.1024,0.565,0.2932,5:40,0.0718,0.1,0.0468,0.0586,,,,
5:41,0.0252,0.0505,0.0173,0.0155,5:41,0.0812,0.1024,0.565,0.2932,5:41,0.0718,0.1,0.0468,0.0586,,,,
5:42,0.0253,0.0518,0.0175,0.0156,5:42,0.0791,0.0966,0.9088,0.396,5:42,0.0701,0.0983,0.046,0.057,,,,
5:43,0.0253,0.0518,0.0175,0.0156,5:43,0.0791,0.0966,0.9088,0.396,5:43,0.0701,0.0983,0.046,0.057,,,,
5:44,0.0253,0.0518,0.0175,0.0156,5:44,0.0791,0.0966,0.9088,0.396,5:44,0.0701,0.0983,0.046,0.057,,,,
5:45,0.0253,0.0518,0.0175,0.0156,5:45,0.0791,0.0966,0.9088,0.396,5:45,0.0701,0.0983,0.046,0.057,,,,
5:46,0.0253,0.0518,0.0175,0.0156,5:46,0.0791,0.0966,0.9088,0.396,5:46,0.0701,0.0983,0.046,0.057,,,,
5:47,0.0253,0.0518,0.0175,0.0156,5:47,0.0791,0.0966,0.9088,0.396,5:47,0.0701,0.0983,0.046,0.057,,,,
5:48,0.0255,0.0532,0.0177,0.0158,5:48,0.077,0.0914,1.6298,0.4988,5:48,0.0684,0.0966,0.0449,0.0553,,,,
5:49,0.0255,0.0532,0.0177,0.0158,5:49,0.077,0.0914,1.6298,0.4988,5:49,0.0684,0.0966,0.0449,0.0553,,,,
5:50,0.0255,0.0532,0.0177,0.0158,5:50,0.077,0.0914,1.6298,0.4988,5:50,0.0684,0.0966,0.0449,0.0553,,,,
5:51,0.0255,0.0532,0.0177,0.0158,5:51,0.077,0.0914,1.6298,0.4988,5:51,0.0684,0.0966,0.0449,0.0553,,,,
5:52,0.0255,0.0532,0.0177,0.0158,5:52,0.077,0.0914,1.6298,0.4988,5:52,0.0684,0.0966,0.0449,0.0553,,,,
5:53,0.0255,0.0532,0.0177,0.0158,5:53,0.077,0.0914,1.6298,0.4988,5:53,0.0684,0.0966,0.0449,0.0553,,,,
5:54,0.0255,0.0551,0.0179,0.0159,5:54,0.0749,0.0867,1.1313,0.9813,5:54,0.0666,0.0949,0.044,0.0538,,,,
5:55,0.0255,0.0551,0.0179,0.0159,5:55,0.0749,0.0867,1.1313,0.9813,5:55,0.0666,0.0949,0.044,0.0538,,,,
5:56,0.0255,0.0551,0.0179,0.0159,5:56,0.0749,0.0867,1.1313,0.9813,5:56,0.0666,0.0949,0.044,0.0538,,,,
5:57,0.0255,0.0551,0.0179,0.0159,5:57,0.0749,0.0867,1.1313,0.9813,5:57,0.0666,0.0949,0.044,0.0538,,,,
5:58,0.0255,0.0551,0.0179,0.0159,5:58,0.0749,0.0867,1.1313,0.9813,5:58,0.0666,0.0949,0.044,0.0538,,,,
5:59,0.0255,0.0551,0.0179,0.0159,5:59,0.0749,0.0867,1.1313,0.9813,5:59,0.0666,0.0949,0.044,0.0538,,,,
6:00,0.0261,0.0596,0.0181,0.0163,6:00,0.0728,0.0826,0.2254,0.9813,6:00,0,0,0,0,,,6:00,
6:01,0.0261,0.0596,0.0181,0.0163,6:01,0.0728,0.0826,0.2254,0.9813,,,,,,,,6:01,
6:02,0.0261,0.0596,0.0181,0.0163,6:02,0.0728,0.0826,0.2254,0.9813,,,,,,,,6:02,
6:03,0.0261,0.0596,0.0181,0.0163,6:03,0.0728,0.0826,0.2254,0.9813,,,,,,,,6:03,
6:04,0.0261,0.0596,0.0181,0.0163,6:04,0.0728,0.0826,0.2254,0.9813,,,,,,,,6:04,
6:05,0.0261,0.0596,0.0181,0.0163,6:05,0.0728,0.0826,0.2254,0.9813,,,,,,,,6:05,
6:06,0.0273,0.0612,0.0183,0.0167,6:06,0.0707,0.0791,0.1983,0.4988,,,,,,,,6:06,
6:07,0.0273,0.0612,0.0183,0.0167,6:07,0.0707,0.0791,0.1983,0.4988,,,,,,,,6:07,
6:08,0.0273,0.0612,0.0183,0.0167,6:08,0.0707,0.0791,0.1983,0.4988,,,,,,,,6:08,
6:09,0.0273,0.0612,0.0183,0.0167,6:09,0.0707,0.0791,0.1983,0.4988,,,,,,,,6:09,
6:10,0.0273,0.0612,0.0183,0.0167,6:10,0.0707,0.0791,0.1983,0.4988,,,,,,,,6:10,
6:11,0.0273,0.0612,0.0183,0.0167,6:11,0.0707,0.0791,0.1983,0.4988,,,,,,,,6:11,
6:12,0.0283,0.0624,0.0185,0.0173,6:12,0.069,0.082,0.1712,0.396,,,,,,,,6:12,
6:13,0.0283,0.0624,0.0185,0.0173,6:13,0.069,0.082,0.1712,0.396,,,,,,,,6:13,
6:14,0.0283,0.0624,0.0185,0.0173,6:14,0.069,0.082,0.1712,0.396,,,,,,,,6:14,
6:15,0.0283,0.0624,0.0185,0.0173,6:15,0.069,0.082,0.1712,0.396,,,,,,,,6:15,
6:16,0.0283,0.0624,0.0185,0.0173,6:16,0.069,0.082,0.1712,0.396,,,,,,,,6:16,
6:17,0.0283,0.0624,0.0185,0.0173,6:17,0.069,0.082,0.1712,0.396,,,,,,,,6:17,
6:18,0.0293,0.0632,0.0187,0.0177,6:18,0.0677,0.0803,0.1441,0.2932,,,,,,,,6:18,
6:19,0.0293,0.0632,0.0187,0.0177,6:19,0.0677,0.0803,0.1441,0.2932,,,,,,,,6:19,
6:20,0.0293,0.0632,0.0187,0.0177,6:20,0.0677,0.0803,0.1441,0.2932,,,,,,,,6:20,
6:21,0.0293,0.0632,0.0187,0.0177,6:21,0.0677,0.0803,0.1441,0.2932,,,,,,,,6:21,
6:22,0.0293,0.0632,0.0187,0.0177,6:22,0.0677,0.0803,0.1441,0.2932,,,,,,,,6:22,
6:23,0.0293,0.0632,0.0187,0.0177,6:23,0.0677,0.0803,0.1441,0.2932,,,,,,,,6:23,
6:24,0.0305,0.0636,0.0189,0.0183,6:24,0.0664,0.0786,0.117,0.1904,,,,,,,,6:24,
6:25,0.0305,0.0636,0.0189,0.0183,6:25,0.0664,0.0786,0.117,0.1904,,,,,,,,6:25,
6:26,0.0305,0.0636,0.0189,0.0183,6:26,0.0664,0.0786,0.117,0.1904,,,,,,,,6:26,
6:27,0.0305,0.0636,0.0189,0.0183,6:27,0.0664,0.0786,0.117,0.1904,,,,,,,,6:27,
6:28,0.0305,0.0636,0.0189,0.0183,6:28,0.0664,0.0786,0.117,0.1904,,,,,,,,6:28,
6:29,0.0305,0.0636,0.0189,0.0183,6:29,0.0664,0.0786,0.117,0.1904,,,,,,,,6:29,
6:30,0.0315,0.0585,0.0191,0.0187,6:30,0.065,0.0768,0.1004,0.1336,,,,,,,,6:30,
6:31,0.0315,0.0585,0.0191,0.0187,6:31,0.065,0.0768,0.1004,0.1336,,,,,,,,6:31,
6:32,0.0315,0.0585,0.0191,0.0187,6:32,0.065,0.0768,0.1004,0.1336,,,,,,,,6:32,
6:33,0.0315,0.0585,0.0191,0.0187,6:33,0.065,0.0768,0.1004,0.1336,,,,,,,,6:33,
6:34,0.0315,0.0585,0.0191,0.0187,6:34,0.065,0.0768,0.1004,0.1336,,,,,,,,6:34,
6:35,0.0315,0.0585,0.0191,0.0187,6:35,0.065,0.0768,0.1004,0.1336,,,,,,,,6:35,
6:36,0.0327,0.0593,0.0193,0.0193,6:36,0.0637,0.0751,0.0942,0.1229,,,,,,,,6:36,
6:37,0.0327,0.0593,0.0193,0.0193,6:37,0.0637,0.0751,0.0942,0.1229,,,,,,,,6:37,
6:38,0.0327,0.0593,0.0193,0.0193,6:38,0.0637,0.0751,0.0942,0.1229,,,,,,,,6:38,
6:39,0.0327,0.0593,0.0193,0.0193,6:39,0.0637,0.0751,0.0942,0.1229,,,,,,,,6:39,
6:40,0.0327,0.0593,0.0193,0.0193,6:40,0.0637,0.0751,0.0942,0.1229,,,,,,,,6:40,
6:41,0.0327,0.0593,0.0193,0.0193,6:41,0.0637,0.0751,0.0942,0.1229,,,,,,,,6:41,
6:42,0.0337,0.0612,0.0195,0.0197,6:42,0.0624,0.0724,0.088,0.1121,,,,,,,,6:42,
6:43,0.0337,0.0612,0.0195,0.0197,6:43,0.0624,0.0724,0.088,0.1121,,,,,,,,6:43,
6:44,0.0337,0.0612,0.0195,0.0197,6:44,0.0624,0.0724,0.088,0.1121,,,,,,,,6:44,
6:45,0.0337,0.0612,0.0195,0.0197,6:45,0.0624,0.0724,0.088,0.1121,,,,,,,,6:45,
6:46,0.0337,0.0612,0.0195,0.0197,6:46,0.0624,0.0724,0.088,0.1121,,,,,,,,6:46,
6:47,0.0337,0.0612,0.0195,0.0197,6:47,0.0624,0.0724,0.088,0.1121,,,,,,,,6:47,
6:48,0.0347,0.0637,0.0197,0.0203,6:48,0.0611,0.0708,0.0818,0.1014,,,,,,,,6:48,
6:49,0.0347,0.0637,0.0197,0.0203,6:49,0.0611,0.0708,0.0818,0.1014,,,,,,,,6:49,
6:50,0.0347,0.0637,0.0197,0.0203,6:50,0.0611,0.0708,0.0818,0.1014,,,,,,,,6:50,
6:51,0.0347,0.0637,0.0197,0.0203,6:51,0.0611,0.0708,0.0818,0.1014,,,,,,,,6:51,
6:52,0.0347,0.0637,0.0197,0.0203,6:52,0.0611,0.0708,0.0818,0.1014,,,,,,,,6:52,
6:53,0.0347,0.0637,0.0197,0.0203,6:53,0.0611,0.0708,0.0818,0.1014,,,,,,,,6:53,
6:54,0.0359,0.0673,0.0199,0.0207,6:54,0.0598,0.0695,0.0756,0.0907,,,,,,,,6:54,
6:55,0.0359,0.0673,0.0199,0.0207,6:55,0.0598,0.0695,0.0756,0.0907,,,,,,,,6:55,
6:56,0.0359,0.0673,0.0199,0.0207,6:56,0.0598,0.0695,0.0756,0.0907,,,,,,,,6:56,
6:57,0.0359,0.0673,0.0199,0.0207,6:57,0.0598,0.0695,0.0756,0.0907,,,,,,,,6:57,
6:58,0.0359,0.0673,0.0199,0.0207,6:58,0.0598,0.0695,0.0756,0.0907,,,,,,,,6:58,
6:59,0.0359,0.0673,0.0199,0.0207,6:59,0.0598,0.0695,0.0756,0.0907,,,,,,,,6:59,
7:00,0.0366,0.0717,0.0201,0.0213,7:00,0.0585,0.0687,0.0709,0.0839,,,,,,,,7:00,
7:01,0.0366,0.0717,0.0201,0.0213,7:01,0.0585,0.0687,0.0709,0.0839,,,,,,,,7:01,
7:02,0.0366,0.0717,0.0201,0.0213,7:02,0.0585,0.0687,0.0709,0.0839,,,,,,,,7:02,
7:03,0.0366,0.0717,0.0201,0.0213,7:03,0.0585,0.0687,0.0709,0.0839,,,,,,,,7:03,
7:04,0.0366,0.0717,0.0201,0.0213,7:04,0.0585,0.0687,0.0709,0.0839,,,,,,,,7:04,
7:05,0.0366,0.0717,0.0201,0.0213,7:05,0.0585,0.0687,0.0709,0.0839,,,,,,,,7:05,
7:06,0.0368,0.077,0.0203,0.0217,7:06,0.0572,0.0676,0.0675,0.0811,,,,,,,,7:06,
7:07,0.0368,0.077,0.0203,0.0217,7:07,0.0572,0.0676,0.0675,0.0811,,,,,,,,7:07,
7:08,0.0368,0.077,0.0203,0.0217,7:08,0.0572,0.0676,0.0675,0.0811,,,,,,,,7:08,
7:09,0.0368,0.077,0.0203,0.0217,7:09,0.0572,0.0676,0.0675,0.0811,,,,,,,,7:09,
7:10,0.0368,0.077,0.0203,0.0217,7:10,0.0572,0.0676,0.0675,0.0811,,,,,,,,7:10,
7:11,0.0368,0.077,0.0203,0.0217,7:11,0.0572,0.0676,0.0675,0.0811,,,,,,,,7:11,
7:12,0.0372,0.0831,0.0205,0.0223,7:12,0.0558,0.0692,0.0642,0.0783,,,,,,,,7:12,
7:13,0.0372,0.0831,0.0205,0.0223,7:13,0.0558,0.0692,0.0642,0.0783,,,,,,,,7:13,
7:14,0.0372,0.0831,0.0205,0.0223,7:14,0.0558,0.0692,0.0642,0.0783,,,,,,,,7:14,
7:15,0.0372,0.0831,0.0205,0.0223,7:15,0.0558,0.0692,0.0642,0.0783,,,,,,,,7:15,
7:16,0.0372,0.0831,0.0205,0.0223,7:16,0.0558,0.0692,0.0642,0.0783,,,,,,,,7:16,
7:17,0.0372,0.0831,0.0205,0.0223,7:17,0.0558,0.0692,0.0642,0.0783,,,,,,,,7:17,
7:18,0.0376,0.0901,0.0207,0.0227,7:18,0.0545,0.0681,0.0609,0.0755,,,,,,,,7:18,
7:19,0.0376,0.0901,0.0207,0.0227,7:19,0.0545,0.0681,0.0609,0.0755,,,,,,,,7:19,
7:20,0.0376,0.0901,0.0207,0.0227,7:20,0.0545,0.0681,0.0609,0.0755,,,,,,,,7:20,
7:21,0.0376,0.0901,0.0207,0.0227,7:21,0.0545,0.0681,0.0609,0.0755,,,,,,,,7:21,
7:22,0.0376,0.0901,0.0207,0.0227,7:22,0.0545,0.0681,0.0609,0.0755,,,,,,,,7:22,
7:23,0.0376,0.0901,0.0207,0.0227,7:23,0.0545,0.0681,0.0609,0.0755,,,,,,,,7:23,
7:24,0.0378,0.0981,0.0209,0.0233,7:24,0.0532,0.0669,0.0576,0.0727,,,,,,,,7:24,
7:25,0.0378,0.0981,0.0209,0.0233,7:25,0.0532,0.0669,0.0576,0.0727,,,,,,,,7:25,
7:26,0.0378,0.0981,0.0209,0.0233,7:26,0.0532,0.0669,0.0576,0.0727,,,,,,,,7:26,
7:27,0.0378,0.0981,0.0209,0.0233,7:27,0.0532,0.0669,0.0576,0.0727,,,,,,,,7:27,
7:28,0.0378,0.0981,0.0209,0.0233,7:28,0.0532,0.0669,0.0576,0.0727,,,,,,,,7:28,
7:29,0.0378,0.0981,0.0209,0.0233,7:29,0.0532,0.0669,0.0576,0.0727,,,,,,,,7:29,
7:30,0.0382,0.2142,0.0211,0.0237,7:30,0.0519,0.0658,0.0547,0.0699,,,,,,,,7:30,
7:31,0.0382,0.2142,0.0211,0.0237,7:31,0.0519,0.0658,0.0547,0.0699,,,,,,,,7:31,
7:32,0.0382,0.2142,0.0211,0.0237,7:32,0.0519,0.0658,0.0547,0.0699,,,,,,,,7:32,
7:33,0.0382,0.2142,0.0211,0.0237,7:33,0.0519,0.0658,0.0547,0.0699,,,,,,,,7:33,
7:34,0.0382,0.2142,0.0211,0.0237,7:34,0.0519,0.0658,0.0547,0.0699,,,,,,,,7:34,
7:35,0.0382,0.2142,0.0211,0.0237,7:35,0.0519,0.0658,0.0547,0.0699,,,,,,,,7:35,
7:36,0.0384,0.2327,0.0213,0.0243,7:36,0.0506,0.0646,0.0523,0.0671,,,,,,,,7:36,
7:37,0.0384,0.2327,0.0213,0.0243,7:37,0.0506,0.0646,0.0523,0.0671,,,,,,,,7:37,
7:38,0.0384,0.2327,0.0213,0.0243,7:38,0.0506,0.0646,0.0523,0.0671,,,,,,,,7:38,
7:39,0.0384,0.2327,0.0213,0.0243,7:39,0.0506,0.0646,0.0523,0.0671,,,,,,,,7:39,
7:40,0.0384,0.2327,0.0213,0.0243,7:40,0.0506,0.0646,0.0523,0.0671,,,,,,,,7:40,
7:41,0.0384,0.2327,0.0213,0.0243,7:41,0.0506,0.0646,0.0523,0.0671,,,,,,,,7:41,
7:42,0.0388,0.2407,0.0215,0.0247,7:42,0.0493,0.0634,0.0499,0.0643,,,,,,,,7:42,
7:43,0.0388,0.2407,0.0215,0.0247,7:43,0.0493,0.0634,0.0499,0.0643,,,,,,,,7:43,
7:44,0.0388,0.2407,0.0215,0.0247,7:44,0.0493,0.0634,0.0499,0.0643,,,,,,,,7:44,
7:45,0.0388,0.2407,0.0215,0.0247,7:45,0.0493,0.0634,0.0499,0.0643,,,,,,,,7:45,
7:46,0.0388,0.2407,0.0215,0.0247,7:46,0.0493,0.0634,0.0499,0.0643,,,,,,,,7:46,
7:47,0.0388,0.2407,0.0215,0.0247,7:47,0.0493,0.0634,0.0499,0.0643,,,,,,,,7:47,
7:48,0.0392,0.2379,0.0217,0.0253,7:48,0.048,0.0623,0.0476,0.0614,,,,,,,,7:48,
7:49,0.0392,0.2379,0.0217,0.0253,7:49,0.048,0.0623,0.0476,0.0614,,,,,,,,7:49,
7:50,0.0392,0.2379,0.0217,0.0253,7:50,0.048,0.0623,0.0476,0.0614,,,,,,,,7:50,
7:51,0.0392,0.2379,0.0217,0.0253,7:51,0.048,0.0623,0.0476,0.0614,,,,,,,,7:51,
7:52,0.0392,0.2379,0.0217,0.0253,7:52,0.048,0.0623,0.0476,0.0614,,,,,,,,7:52,
7:53,0.0392,0.2379,0.0217,0.0253,7:53,0.048,0.0623,0.0476,0.0614,,,,,,,,7:53,
7:54,0.0394,0.2245,0.0219,0.0257,7:54,0.0466,0.0611,0.0452,0.0586,,,,,,,,7:54,
7:55,0.0394,0.2245,0.0219,0.0257,7:55,0.0466,0.0611,0.0452,0.0586,,,,,,,,7:55,
7:56,0.0394,0.2245,0.0219,0.0257,7:56,0.0466,0.0611,0.0452,0.0586,,,,,,,,7:56,
7:57,0.0394,0.2245,0.0219,0.0257,7:57,0.0466,0.0611,0.0452,0.0586,,,,,,,,7:57,
7:58,0.0394,0.2245,0.0219,0.0257,7:58,0.0466,0.0611,0.0452,0.0586,,,,,,,,7:58,
7:59,0.0394,0.2245,0.0219,0.0257,7:59,0.0466,0.0611,0.0452,0.0586,,,,,,,,7:59,
8:00,0.0417,0.1436,0.0225,0.0266,8:00,0.0453,0.0599,0.0436,0.0565,,,,,,,,8:00,
8:01,0.0417,0.1436,0.0225,0.0266,8:01,0.0453,0.0599,0.0436,0.0565,,,,,,,,8:01,
8:02,0.0417,0.1436,0.0225,0.0266,8:02,0.0453,0.0599,0.0436,0.0565,,,,,,,,8:02,
8:03,0.0417,0.1436,0.0225,0.0266,8:03,0.0453,0.0599,0.0436,0.0565,,,,,,,,8:03,
8:04,0.0417,0.1436,0.0225,0.0266,8:04,0.0453,0.0599,0.0436,0.0565,,,,,,,,8:04,
8:05,0.0417,0.1436,0.0225,0.0266,8:05,0.0453,0.0599,0.0436,0.0565,,,,,,,,8:05,
8:06,0.0458,0.1232,0.0235,0.0277,8:06,0.044,0.0588,0.0427,0.0553,,,,,,,,8:06,
8:07,0.0458,0.1232,0.0235,0.0277,8:07,0.044,0.0588,0.0427,0.0553,,,,,,,,8:07,
8:08,0.0458,0.1232,0.0235,0.0277,8:08,0.044,0.0588,0.0427,0.0553,,,,,,,,8:08,
8:09,0.0458,0.1232,0.0235,0.0277,8:09,0.044,0.0588,0.0427,0.0553,,,,,,,,8:09,
8:10,0.0458,0.1232,0.0235,0.0277,8:10,0.044,0.0588,0.0427,0.0553,,,,,,,,8:10,
8:11,0.0458,0.1232,0.0235,0.0277,8:11,0.044,0.0588,0.0427,0.0553,,,,,,,,8:11,
8:12,0.05,0.1064,0.0245,0.0289,8:12,0.0432,0.0566,0.042,0.0539,,,,,,,,8:12,
8:13,0.05,0.1064,0.0245,0.0289,8:13,0.0432,0.0566,0.042,0.0539,,,,,,,,8:13,
8:14,0.05,0.1064,0.0245,0.0289,8:14,0.0432,0.0566,0.042,0.0539,,,,,,,,8:14,
8:15,0.05,0.1064,0.0245,0.0289,8:15,0.0432,0.0566,0.042,0.0539,,,,,,,,8:15,
8:16,0.05,0.1064,0.0245,0.0289,8:16,0.0432,0.0566,0.042,0.0539,,,,,,,,8:16,
8:17,0.05,0.1064,0.0245,0.0289,8:17,0.0432,0.0566,0.042,0.0539,,,,,,,,8:17,
8:18,0.0542,0.0932,0.0255,0.03,8:18,0.043,0.0557,0.041,0.0526,,,,,,,,8:18,
8:19,0.0542,0.0932,0.0255,0.03,8:19,0.043,0.0557,0.041,0.0526,,,,,,,,8:19,
8:20,0.0542,0.0932,0.0255,0.03,8:20,0.043,0.0557,0.041,0.0526,,,,,,,,8:20,
8:21,0.0542,0.0932,0.0255,0.03,8:21,0.043,0.0557,0.041,0.0526,,,,,,,,8:21,
8:22,0.0542,0.0932,0.0255,0.03,8:22,0.043,0.0557,0.041,0.0526,,,,,,,,8:22,
8:23,0.0542,0.0932,0.0255,0.03,8:23,0.043,0.0557,0.041,0.0526,,,,,,,,8:23,
8:24,0.0583,0.0836,0.0265,0.0312,8:24,0.0427,0.0551,0.0403,0.0512,,,,,,,,8:24,
8:25,0.0583,0.0836,0.0265,0.0312,8:25,0.0427,0.0551,0.0403,0.0512,,,,,,,,8:25,
8:26,0.0583,0.0836,0.0265,0.0312,8:26,0.0427,0.0551,0.0403,0.0512,,,,,,,,8:26,
8:27,0.0583,0.0836,0.0265,0.0312,8:27,0.0427,0.0551,0.0403,0.0512,,,,,,,,8:27,
8:28,0.0583,0.0836,0.0265,0.0312,8:28,0.0427,0.0551,0.0403,0.0512,,,,,,,,8:28,
8:29,0.0583,0.0836,0.0265,0.0312,8:29,0.0427,0.0551,0.0403,0.0512,,,,,,,,8:29,
8:30,0.0623,0.0904,0.0275,0.0323,8:30,0.0424,0.0545,0.0394,0.0499,,,,,,,,8:30,
8:31,0.0623,0.0904,0.0275,0.0323,8:31,0.0424,0.0545,0.0394,0.0499,,,,,,,,8:31,
8:32,0.0623,0.0904,0.0275,0.0323,8:32,0.0424,0.0545,0.0394,0.0499,,,,,,,,8:32,
8:33,0.0623,0.0904,0.0275,0.0323,8:33,0.0424,0.0545,0.0394,0.0499,,,,,,,,8:33,
8:34,0.0623,0.0904,0.0275,0.0323,8:34,0.0424,0.0545,0.0394,0.0499,,,,,,,,8:34,
8:35,0.0623,0.0904,0.0275,0.0323,8:35,0.0424,0.0545,0.0394,0.0499,,,,,,,,8:35,
8:36,0.0662,0.0848,0.0285,0.0335,8:36,0.0422,0.0544,0.0386,0.0485,,,,,,,,8:36,
8:37,0.0662,0.0848,0.0285,0.0335,8:37,0.0422,0.0544,0.0386,0.0485,,,,,,,,8:37,
8:38,0.0662,0.0848,0.0285,0.0335,8:38,0.0422,0.0544,0.0386,0.0485,,,,,,,,8:38,
8:39,0.0662,0.0848,0.0285,0.0335,8:39,0.0422,0.0544,0.0386,0.0485,,,,,,,,8:39,
8:40,0.0662,0.0848,0.0285,0.0335,8:40,0.0422,0.0544,0.0386,0.0485,,,,,,,,8:40,
8:41,0.0662,0.0848,0.0285,0.0335,8:41,0.0422,0.0544,0.0386,0.0485,,,,,,,,8:41,
8:42,0.07,0.0796,0.0295,0.0346,8:42,0.0419,0.0543,0.0377,0.0472,,,,,,,,8:42,
8:43,0.07,0.0796,0.0295,0.0346,8:43,0.0419,0.0543,0.0377,0.0472,,,,,,,,8:43,
8:44,0.07,0.0796,0.0295,0.0346,8:44,0.0419,0.0543,0.0377,0.0472,,,,,,,,8:44,
8:45,0.07,0.0796,0.0295,0.0346,8:45,0.0419,0.0543,0.0377,0.0472,,,,,,,,8:45,
8:46,0.07,0.0796,0.0295,0.0346,8:46,0.0419,0.0543,0.0377,0.0472,,,,,,,,8:46,
8:47,0.07,0.0796,0.0295,0.0346,8:47,0.0419,0.0543,0.0377,0.0472,,,,,,,,8:47,
8:48,0.0738,0.0748,0.0305,0.0358,8:48,0.0417,0.0545,0.037,0.0458,,,,,,,,8:48,
8:49,0.0738,0.0748,0.0305,0.0358,8:49,0.0417,0.0545,0.037,0.0458,,,,,,,,8:49,
8:50,0.0738,0.0748,0.0305,0.0358,8:50,0.0417,0.0545,0.037,0.0458,,,,,,,,8:50,
8:51,0.0738,0.0748,0.0305,0.0358,8:51,0.0417,0.0545,0.037,0.0458,,,,,,,,8:51,
8:52,0.0738,0.0748,0.0305,0.0358,8:52,0.0417,0.0545,0.037,0.0458,,,,,,,,8:52,
8:53,0.0738,0.0748,0.0305,0.0358,8:53,0.0417,0.0545,0.037,0.0458,,,,,,,,8:53,
8:54,0.0777,0.0704,0.0315,0.0369,8:54,0.0414,0.0551,0.036,0.0445,,,,,,,,8:54,
8:55,0.0777,0.0704,0.0315,0.0369,8:55,0.0414,0.0551,0.036,0.0445,,,,,,,,8:55,
8:56,0.0777,0.0704,0.0315,0.0369,8:56,0.0414,0.0551,0.036,0.0445,,,,,,,,8:56,
8:57,0.0777,0.0704,0.0315,0.0369,8:57,0.0414,0.0551,0.036,0.0445,,,,,,,,8:57,
8:58,0.0777,0.0704,0.0315,0.0369,8:58,0.0414,0.0551,0.036,0.0445,,,,,,,,8:58,
8:59,0.0777,0.0704,0.0315,0.0369,8:59,0.0414,0.0551,0.036,0.0445,,,,,,,,8:59,
9:00,0.0833,0.0664,0.032,0.0381,9:00,0.0411,0.0557,0.0353,0.0431,,,,,,,,9:00,
9:01,0.0833,0.0664,0.032,0.0381,9:01,0.0411,0.0557,0.0353,0.0431,,,,,,,,9:01,
9:02,0.0833,0.0664,0.032,0.0381,9:02,0.0411,0.0557,0.0353,0.0431,,,,,,,,9:02,
9:03,0.0833,0.0664,0.032,0.0381,9:03,0.0411,0.0557,0.0353,0.0431,,,,,,,,9:03,
9:04,0.0833,0.0664,0.032,0.0381,9:04,0.0411,0.0557,0.0353,0.0431,,,,,,,,9:04,
9:05,0.0833,0.0664,0.032,0.0381,9:05,0.0411,0.0557,0.0353,0.0431,,,,,,,,9:05,
9:06,0.0906,0.0628,0.032,0.0392,9:06,0.0409,0.0567,0.0344,0.0418,,,,,,,,9:06,
9:07,0.0906,0.0628,0.032,0.0392,9:07,0.0409,0.0567,0.0344,0.0418,,,,,,,,9:07,
9:08,0.0906,0.0628,0.032,0.0392,9:08,0.0409,0.0567,0.0344,0.0418,,,,,,,,9:08,
9:09,0.0906,0.0628,0.032,0.0392,9:09,0.0409,0.0567,0.0344,0.0418,,,,,,,,9:09,
9:10,0.0906,0.0628,0.032,0.0392,9:10,0.0409,0.0567,0.0344,0.0418,,,,,,,,9:10,
9:11,0.0906,0.0628,0.032,0.0392,9:11,0.0409,0.0567,0.0344,0.0418,,,,,,,,9:11,
9:12,0.098,0.0596,0.032,0.0404,9:12,0.0406,0.0531,0.0337,0.0404,,,,,,,,9:12,
9:13,0.098,0.0596,0.032,0.0404,9:13,0.0406,0.0531,0.0337,0.0404,,,,,,,,9:13,
9:14,0.098,0.0596,0.032,0.0404,9:14,0.0406,0.0531,0.0337,0.0404,,,,,,,,9:14,
9:15,0.098,0.0596,0.032,0.0404,9:15,0.0406,0.0531,0.0337,0.0404,,,,,,,,9:15,
9:16,0.098,0.0596,0.032,0.0404,9:16,0.0406,0.0531,0.0337,0.0404,,,,,,,,9:16,
9:17,0.098,0.0596,0.032,0.0404,9:17,0.0406,0.0531,0.0337,0.0404,,,,,,,,9:17,
9:18,0.1054,0.0568,0.032,0.0415,9:18,0.0403,0.0527,0.0327,0.0391,,,,,,,,9:18,
9:19,0.1054,0.0568,0.032,0.0415,9:19,0.0403,0.0527,0.0327,0.0391,,,,,,,,9:19,
9:20,0.1054,0.0568,0.032,0.0415,9:20,0.0403,0.0527,0.0327,0.0391,,,,,,,,9:20,
9:21,0.1054,0.0568,0.032,0.0415,9:21,0.0403,0.0527,0.0327,0.0391,,,,,,,,9:21,
9:22,0.1054,0.0568,0.032,0.0415,9:22,0.0403,0.0527,0.0327,0.0391,,,,,,,,9:22,
9:23,0.1054,0.0568,0.032,0.0415,9:23,0.0403,0.0527,0.0327,0.0391,,,,,,,,9:23,
9:24,0.1127,0.0544,0.032,0.0427,9:24,0.0401,0.0522,0.032,0.0377,,,,,,,,9:24,
9:25,0.1127,0.0544,0.032,0.0427,9:25,0.0401,0.0522,0.032,0.0377,,,,,,,,9:25,
9:26,0.1127,0.0544,0.032,0.0427,9:26,0.0401,0.0522,0.032,0.0377,,,,,,,,9:26,
9:27,0.1127,0.0544,0.032,0.0427,9:27,0.0401,0.0522,0.032,0.0377,,,,,,,,9:27,
9:28,0.1127,0.0544,0.032,0.0427,9:28,0.0401,0.0522,0.032,0.0377,,,,,,,,9:28,
9:29,0.1127,0.0544,0.032,0.0427,9:29,0.0401,0.0522,0.032,0.0377,,,,,,,,9:29,
9:30,0.1642,0.0564,0.0328,0.0438,9:30,0.0398,0.0521,0.031,0.0364,,,,,,,,9:30,
9:31,0.1642,0.0564,0.0328,0.0438,9:31,0.0398,0.0521,0.031,0.0364,,,,,,,,9:31,
9:32,0.1642,0.0564,0.0328,0.0438,9:32,0.0398,0.0521,0.031,0.0364,,,,,,,,9:32,
9:33,0.1642,0.0564,0.0328,0.0438,9:33,0.0398,0.0521,0.031,0.0364,,,,,,,,9:33,
9:34,0.1642,0.0564,0.0328,0.0438,9:34,0.0398,0.0521,0.031,0.0364,,,,,,,,9:34,
9:35,0.1642,0.0564,0.0328,0.0438,9:35,0.0398,0.0521,0.031,0.0364,,,,,,,,9:35,
9:36,0.26,0.0552,0.0344,0.045,9:36,0.0396,0.0518,0.0303,0.035,,,,,,,,9:36,
9:37,0.26,0.0552,0.0344,0.045,9:37,0.0396,0.0518,0.0303,0.035,,,,,,,,9:37,
9:38,0.26,0.0552,0.0344,0.045,9:38,0.0396,0.0518,0.0303,0.035,,,,,,,,9:38,
9:39,0.26,0.0552,0.0344,0.045,9:39,0.0396,0.0518,0.0303,0.035,,,,,,,,9:39,
9:40,0.26,0.0552,0.0344,0.045,9:40,0.0396,0.0518,0.0303,0.035,,,,,,,,9:40,
9:41,0.26,0.0552,0.0344,0.045,9:41,0.0396,0.0518,0.0303,0.035,,,,,,,,9:41,
9:42,0.4242,0.054,0.036,0.0461,9:42,0.0393,0.0543,0.0294,0.0338,,,,,,,,9:42,
9:43,0.4242,0.054,0.036,0.0461,9:43,0.0393,0.0543,0.0294,0.0338,,,,,,,,9:43,
9:44,0.4242,0.054,0.036,0.0461,9:44,0.0393,0.0543,0.0294,0.0338,,,,,,,,9:44,
9:45,0.4242,0.054,0.036,0.0461,9:45,0.0393,0.0543,0.0294,0.0338,,,,,,,,9:45,
9:46,0.4242,0.054,0.036,0.0461,9:46,0.0393,0.0543,0.0294,0.0338,,,,,,,,9:46,
9:47,0.4242,0.054,0.036,0.0461,9:47,0.0393,0.0543,0.0294,0.0338,,,,,,,,9:47,
9:48,0.7532,0.0528,0.0376,0.0473,9:48,0.039,0.0531,0.0287,0.0324,,,,,,,,9:48,
9:49,0.7532,0.0528,0.0376,0.0473,9:49,0.039,0.0531,0.0287,0.0324,,,,,,,,9:49,
9:50,0.7532,0.0528,0.0376,0.0473,9:50,0.039,0.0531,0.0287,0.0324,,,,,,,,9:50,
9:51,0.7532,0.0528,0.0376,0.0473,9:51,0.039,0.0531,0.0287,0.0324,,,,,,,,9:51,
9:52,0.7532,0.0528,0.0376,0.0473,9:52,0.039,0.0531,0.0287,0.0324,,,,,,,,9:52,
9:53,0.7532,0.0528,0.0376,0.0473,9:53,0.039,0.0531,0.0287,0.0324,,,,,,,,9:53,
9:54,0.5184,0.0516,0.0392,0.0484,9:54,0.0388,0.0524,0.0277,0.0311,,,,,,,,9:54,
9:55,0.5184,0.0516,0.0392,0.0484,9:55,0.0388,0.0524,0.0277,0.0311,,,,,,,,9:55,
9:56,0.5184,0.0516,0.0392,0.0484,9:56,0.0388,0.0524,0.0277,0.0311,,,,,,,,9:56,
9:57,0.5184,0.0516,0.0392,0.0484,9:57,0.0388,0.0524,0.0277,0.0311,,,,,,,,9:57,
9:58,0.5184,0.0516,0.0392,0.0484,9:58,0.0388,0.0524,0.0277,0.0311,,,,,,,,9:58,
9:59,0.5184,0.0516,0.0392,0.0484,9:59,0.0388,0.0524,0.0277,0.0311,,,,,,,,9:59,
10:00,0.172,0.0498,0.0412,0.0502,10:00,0.0385,0.0513,0.0272,0.0301,,,,,,,,10:00,
10:01,0.172,0.0498,0.0412,0.0502,10:01,0.0385,0.0513,0.0272,0.0301,,,,,,,,10:01,
10:02,0.172,0.0498,0.0412,0.0502,10:02,0.0385,0.0513,0.0272,0.0301,,,,,,,,10:02,
10:03,0.172,0.0498,0.0412,0.0502,10:03,0.0385,0.0513,0.0272,0.0301,,,,,,,,10:03,
10:04,0.172,0.0498,0.0412,0.0502,10:04,0.0385,0.0513,0.0272,0.0301,,,,,,,,10:04,
10:05,0.172,0.0498,0.0412,0.0502,10:05,0.0385,0.0513,0.0272,0.0301,,,,,,,,10:05,
10:06,0.154,0.0487,0.0436,0.0526,10:06,0.0382,0.0508,0.0269,0.0294,,,,,,,,10:06,
10:07,0.154,0.0487,0.0436,0.0526,10:07,0.0382,0.0508,0.0269,0.0294,,,,,,,,10:07,
10:08,0.154,0.0487,0.0436,0.0526,10:08,0.0382,0.0508,0.0269,0.0294,,,,,,,,10:08,
10:09,0.154,0.0487,0.0436,0.0526,10:09,0.0382,0.0508,0.0269,0.0294,,,,,,,,10:09,
10:10,0.154,0.0487,0.0436,0.0526,10:10,0.0382,0.0508,0.0269,0.0294,,,,,,,,10:10,
10:11,0.154,0.0487,0.0436,0.0526,10:11,0.0382,0.0508,0.0269,0.0294,,,,,,,,10:11,
10:12,0.136,0.0478,0.046,0.055,10:12,0.038,0.0502,0.0266,0.029,,,,,,,,10:12,
10:13,0.136,0.0478,0.046,0.055,10:13,0.038,0.0502,0.0266,0.029,,,,,,,,10:13,
10:14,0.136,0.0478,0.046,0.055,10:14,0.038,0.0502,0.0266,0.029,,,,,,,,10:14,
10:15,0.136,0.0478,0.046,0.055,10:15,0.038,0.0502,0.0266,0.029,,,,,,,,10:15,
10:16,0.136,0.0478,0.046,0.055,10:16,0.038,0.0502,0.0266,0.029,,,,,,,,10:16,
10:17,0.136,0.0478,0.046,0.055,10:17,0.038,0.0502,0.0266,0.029,,,,,,,,10:17,
10:18,0.118,0.0472,0.0484,0.0574,10:18,0.0377,0.0496,0.0263,0.0283,,,,,,,,10:18,
10:19,0.118,0.0472,0.0484,0.0574,10:19,0.0377,0.0496,0.0263,0.0283,,,,,,,,10:19,
10:20,0.118,0.0472,0.0484,0.0574,10:20,0.0377,0.0496,0.0263,0.0283,,,,,,,,10:20,
10:21,0.118,0.0472,0.0484,0.0574,10:21,0.0377,0.0496,0.0263,0.0283,,,,,,,,10:21,
10:22,0.118,0.0472,0.0484,0.0574,10:22,0.0377,0.0496,0.0263,0.0283,,,,,,,,10:22,
10:23,0.118,0.0472,0.0484,0.0574,10:23,0.0377,0.0496,0.0263,0.0283,,,,,,,,10:23,
10:24,0.1,0.0465,0.0508,0.0598,10:24,0.0374,0.0495,0.026,0.0278,,,,,,,,10:24,
10:25,0.1,0.0465,0.0508,0.0598,10:25,0.0374,0.0495,0.026,0.0278,,,,,,,,10:25,
10:26,0.1,0.0465,0.0508,0.0598,10:26,0.0374,0.0495,0.026,0.0278,,,,,,,,10:26,
10:27,0.1,0.0465,0.0508,0.0598,10:27,0.0374,0.0495,0.026,0.0278,,,,,,,,10:27,
10:28,0.1,0.0465,0.0508,0.0598,10:28,0.0374,0.0495,0.026,0.0278,,,,,,,,10:28,
10:29,0.1,0.0465,0.0508,0.0598,10:29,0.0374,0.0495,0.026,0.0278,,,,,,,,10:29,
10:30,0.0888,0.0476,0.054,0.0622,10:30,0.0372,0.049,0.0257,0.0271,,,,,,,,10:30,
10:31,0.0888,0.0476,0.054,0.0622,10:31,0.0372,0.049,0.0257,0.0271,,,,,,,,10:31,
10:32,0.0888,0.0476,0.054,0.0622,10:32,0.0372,0.049,0.0257,0.0271,,,,,,,,10:32,
10:33,0.0888,0.0476,0.054,0.0622,10:33,0.0372,0.049,0.0257,0.0271,,,,,,,,10:33,
10:34,0.0888,0.0476,0.054,0.0622,10:34,0.0372,0.049,0.0257,0.0271,,,,,,,,10:34,
10:35,0.0888,0.0476,0.054,0.0622,10:35,0.0372,0.049,0.0257,0.0271,,,,,,,,10:35,
10:36,0.0844,0.0468,0.058,0.0646,10:36,0.0369,0.049,0.0254,0.0266,,,,,,,,10:36,
10:37,0.0844,0.0468,0.058,0.0646,10:37,0.0369,0.049,0.0254,0.0266,,,,,,,,10:37,
10:38,0.0844,0.0468,0.058,0.0646,10:38,0.0369,0.049,0.0254,0.0266,,,,,,,,10:38,
10:39,0.0844,0.0468,0.058,0.0646,10:39,0.0369,0.049,0.0254,0.0266,,,,,,,,10:39,
10:40,0.0844,0.0468,0.058,0.0646,10:40,0.0369,0.049,0.0254,0.0266,,,,,,,,10:40,
10:41,0.0844,0.0468,0.058,0.0646,10:41,0.0369,0.049,0.0254,0.0266,,,,,,,,10:41,
10:42,0.08,0.046,0.062,0.067,10:42,0.0367,0.0493,0.0251,0.0259,,,,,,,,10:42,
10:43,0.08,0.046,0.062,0.067,10:43,0.0367,0.0493,0.0251,0.0259,,,,,,,,10:43,
10:44,0.08,0.046,0.062,0.067,10:44,0.0367,0.0493,0.0251,0.0259,,,,,,,,10:44,
10:45,0.08,0.046,0.062,0.067,10:45,0.0367,0.0493,0.0251,0.0259,,,,,,,,10:45,
10:46,0.08,0.046,0.062,0.067,10:46,0.0367,0.0493,0.0251,0.0259,,,,,,,,10:46,
10:47,0.08,0.046,0.062,0.067,10:47,0.0367,0.0493,0.0251,0.0259,,,,,,,,10:47,
10:48,0.0756,0.0452,0.066,0.0694,10:48,0.0364,0.0492,0.0249,0.0255,,,,,,,,10:48,
10:49,0.0756,0.0452,0.066,0.0694,10:49,0.0364,0.0492,0.0249,0.0255,,,,,,,,10:49,
10:50,0.0756,0.0452,0.066,0.0694,10:50,0.0364,0.0492,0.0249,0.0255,,,,,,,,10:50,
10:51,0.0756,0.0452,0.066,0.0694,10:51,0.0364,0.0492,0.0249,0.0255,,,,,,,,10:51,
10:52,0.0756,0.0452,0.066,0.0694,10:52,0.0364,0.0492,0.0249,0.0255,,,,,,,,10:52,
10:53,0.0756,0.0452,0.066,0.0694,10:53,0.0364,0.0492,0.0249,0.0255,,,,,,,,10:53,
10:54,0.0712,0.0444,0.07,0.0718,10:54,0.0361,0.0489,0.0245,0.0248,,,,,,,,10:54,
10:55,0.0712,0.0444,0.07,0.0718,10:55,0.0361,0.0489,0.0245,0.0248,,,,,,,,10:55,
10:56,0.0712,0.0444,0.07,0.0718,10:56,0.0361,0.0489,0.0245,0.0248,,,,,,,,10:56,
10:57,0.0712,0.0444,0.07,0.0718,10:57,0.0361,0.0489,0.0245,0.0248,,,,,,,,10:57,
10:58,0.0712,0.0444,0.07,0.0718,10:58,0.0361,0.0489,0.0245,0.0248,,,,,,,,10:58,
10:59,0.0712,0.0444,0.07,0.0718,10:59,0.0361,0.0489,0.0245,0.0248,,,,,,,,10:59,
11:00,0.0682,0.0436,0.0768,0.0776,11:00,0.0359,0.0487,0.0243,0.0243,,,,,,,,11:00,
11:01,0.0682,0.0436,0.0768,0.0776,11:01,0.0359,0.0487,0.0243,0.0243,,,,,,,,11:01,
11:02,0.0682,0.0436,0.0768,0.0776,11:02,0.0359,0.0487,0.0243,0.0243,,,,,,,,11:02,
11:03,0.0682,0.0436,0.0768,0.0776,11:03,0.0359,0.0487,0.0243,0.0243,,,,,,,,11:03,
11:04,0.0682,0.0436,0.0768,0.0776,11:04,0.0359,0.0487,0.0243,0.0243,,,,,,,,11:04,
11:05,0.0682,0.0436,0.0768,0.0776,11:05,0.0359,0.0487,0.0243,0.0243,,,,,,,,11:05,
11:06,0.0666,0.0428,0.0864,0.0868,11:06,0.0356,0.0484,0.0239,0.0236,,,,,,,,11:06,
11:07,0.0666,0.0428,0.0864,0.0868,11:07,0.0356,0.0484,0.0239,0.0236,,,,,,,,11:07,
11:08,0.0666,0.0428,0.0864,0.0868,11:08,0.0356,0.0484,0.0239,0.0236,,,,,,,,11:08,
11:09,0.0666,0.0428,0.0864,0.0868,11:09,0.0356,0.0484,0.0239,0.0236,,,,,,,,11:09,
11:10,0.0666,0.0428,0.0864,0.0868,11:10,0.0356,0.0484,0.0239,0.0236,,,,,,,,11:10,
11:11,0.0666,0.0428,0.0864,0.0868,11:11,0.0356,0.0484,0.0239,0.0236,,,,,,,,11:11,
11:12,0.065,0.042,0.096,0.096,11:12,0.0353,0.0483,0.0237,0.0231,,,,,,,,11:12,
11:13,0.065,0.042,0.096,0.096,11:13,0.0353,0.0483,0.0237,0.0231,,,,,,,,11:13,
11:14,0.065,0.042,0.096,0.096,11:14,0.0353,0.0483,0.0237,0.0231,,,,,,,,11:14,
11:15,0.065,0.042,0.096,0.096,11:15,0.0353,0.0483,0.0237,0.0231,,,,,,,,11:15,
11:16,0.065,0.042,0.096,0.096,11:16,0.0353,0.0483,0.0237,0.0231,,,,,,,,11:16,
11:17,0.065,0.042,0.096,0.096,11:17,0.0353,0.0483,0.0237,0.0231,,,,,,,,11:17,
11:18,0.0634,0.0412,0.1056,0.1052,11:18,0.0351,0.048,0.0233,0.0224,,,,,,,,11:18,
11:19,0.0634,0.0412,0.1056,0.1052,11:19,0.0351,0.048,0.0233,0.0224,,,,,,,,11:19,
11:20,0.0634,0.0412,0.1056,0.1052,11:20,0.0351,0.048,0.0233,0.0224,,,,,,,,11:20,
11:21,0.0634,0.0412,0.1056,0.1052,11:21,0.0351,0.048,0.0233,0.0224,,,,,,,,11:21,
11:22,0.0634,0.0412,0.1056,0.1052,11:22,0.0351,0.048,0.0233,0.0224,,,,,,,,11:22,
11:23,0.0634,0.0412,0.1056,0.1052,11:23,0.0351,0.048,0.0233,0.0224,,,,,,,,11:23,
11:24,0.0618,0.0404,0.1152,0.1144,11:24,0.0348,0.0477,0.0231,0.022,,,,,,,,11:24,
11:25,0.0618,0.0404,0.1152,0.1144,11:25,0.0348,0.0477,0.0231,0.022,,,,,,,,11:25,
11:26,0.0618,0.0404,0.1152,0.1144,11:26,0.0348,0.0477,0.0231,0.022,,,,,,,,11:26,
11:27,0.0618,0.0404,0.1152,0.1144,11:27,0.0348,0.0477,0.0231,0.022,,,,,,,,11:27,
11:28,0.0618,0.0404,0.1152,0.1144,11:28,0.0348,0.0477,0.0231,0.022,,,,,,,,11:28,
11:29,0.0618,0.0404,0.1152,0.1144,11:29,0.0348,0.0477,0.0231,0.022,,,,,,,,11:29,
11:30,0.0602,0.0389,0.2384,0.163,11:30,0.0346,0.0476,0.0227,0.0213,,,,,,,,11:30,
11:31,0.0602,0.0389,0.2384,0.163,11:31,0.0346,0.0476,0.0227,0.0213,,,,,,,,11:31,
11:32,0.0602,0.0389,0.2384,0.163,11:32,0.0346,0.0476,0.0227,0.0213,,,,,,,,11:32,
11:33,0.0602,0.0389,0.2384,0.163,11:33,0.0346,0.0476,0.0227,0.0213,,,,,,,,11:33,
11:34,0.0602,0.0389,0.2384,0.163,11:34,0.0346,0.0476,0.0227,0.0213,,,,,,,,11:34,
11:35,0.0602,0.0389,0.2384,0.163,11:35,0.0346,0.0476,0.0227,0.0213,,,,,,,,11:35,
11:36,0.0586,0.0383,0.4752,0.251,11:36,0.0343,0.0474,0.0225,0.0208,,,,,,,,11:36,
11:37,0.0586,0.0383,0.4752,0.251,11:37,0.0343,0.0474,0.0225,0.0208,,,,,,,,11:37,
11:38,0.0586,0.0383,0.4752,0.251,11:38,0.0343,0.0474,0.0225,0.0208,,,,,,,,11:38,
11:39,0.0586,0.0383,0.4752,0.251,11:39,0.0343,0.0474,0.0225,0.0208,,,,,,,,11:39,
11:40,0.0586,0.0383,0.4752,0.251,11:40,0.0343,0.0474,0.0225,0.0208,,,,,,,,11:40,
11:41,0.0586,0.0383,0.4752,0.251,11:41,0.0343,0.0474,0.0225,0.0208,,,,,,,,11:41,
11:42,0.057,0.0379,0.7643,0.339,11:42,0.034,0.0471,0.0221,0.0201,,,,,,,,11:42,
11:43,0.057,0.0379,0.7643,0.339,11:43,0.034,0.0471,0.0221,0.0201,,,,,,,,11:43,
11:44,0.057,0.0379,0.7643,0.339,11:44,0.034,0.0471,0.0221,0.0201,,,,,,,,11:44,
11:45,0.057,0.0379,0.7643,0.339,11:45,0.034,0.0471,0.0221,0.0201,,,,,,,,11:45,
11:46,0.057,0.0379,0.7643,0.339,11:46,0.034,0.0471,0.0221,0.0201,,,,,,,,11:46,
11:47,0.057,0.0379,0.7643,0.339,11:47,0.034,0.0471,0.0221,0.0201,,,,,,,,11:47,
11:48,0.0554,0.0375,1.3707,0.427,11:48,0.0338,0.047,0.0219,0.0196,,,,,,,,11:48,
11:49,0.0554,0.0375,1.3707,0.427,11:49,0.0338,0.047,0.0219,0.0196,,,,,,,,11:49,
11:50,0.0554,0.0375,1.3707,0.427,11:50,0.0338,0.047,0.0219,0.0196,,,,,,,,11:50,
11:51,0.0554,0.0375,1.3707,0.427,11:51,0.0338,0.047,0.0219,0.0196,,,,,,,,11:51,
11:52,0.0554,0.0375,1.3707,0.427,11:52,0.0338,0.047,0.0219,0.0196,,,,,,,,11:52,
11:53,0.0554,0.0375,1.3707,0.427,11:53,0.0338,0.047,0.0219,0.0196,,,,,,,,11:53,
11:54,0.0538,0.0374,0.9514,0.84,11:54,0.0335,0.0467,0.0215,0.0189,,,,,,,,11:54,
11:55,0.0538,0.0374,0.9514,0.84,11:55,0.0335,0.0467,0.0215,0.0189,,,,,,,,11:55,
11:56,0.0538,0.0374,0.9514,0.84,11:56,0.0335,0.0467,0.0215,0.0189,,,,,,,,11:56,
11:57,0.0538,0.0374,0.9514,0.84,11:57,0.0335,0.0467,0.0215,0.0189,,,,,,,,11:57,
11:58,0.0538,0.0374,0.9514,0.84,11:58,0.0335,0.0467,0.0215,0.0189,,,,,,,,11:58,
11:59,0.0538,0.0374,0.9514,0.84,11:59,0.0335,0.0467,0.0215,0.0189,,,,,,,,11:59,
12:00,0.0525,0.0373,0.1896,0.84,12:00,0,0,0,0,,,,,,,,12:00,
12:01,0.0525,0.0373,0.1896,0.84,,,,,,,,,,,,,,
12:02,0.0525,0.0373,0.1896,0.84,,,,,,,,,,,,,,
12:03,0.0525,0.0373,0.1896,0.84,,,,,,,,,,,,,,
12:04,0.0525,0.0373,0.1896,0.84,,,,,,,,,,,,,,
12:05,0.0525,0.0373,0.1896,0.84,,,,,,,,,,,,,,
12:06,0.0515,0.0375,0.1668,0.427,,,,,,,,,,,,,,
12:07,0.0515,0.0375,0.1668,0.427,,,,,,,,,,,,,,
12:08,0.0515,0.0375,0.1668,0.427,,,,,,,,,,,,,,
12:09,0.0515,0.0375,0.1668,0.427,,,,,,,,,,,,,,
12:10,0.0515,0.0375,0.1668,0.427,,,,,,,,,,,,,,
12:11,0.0515,0.0375,0.1668,0.427,,,,,,,,,,,,,,
12:12,0.0505,0.0379,0.144,0.339,,,,,,,,,,,,,,
12:13,0.0505,0.0379,0.144,0.339,,,,,,,,,,,,,,
12:14,0.0505,0.0379,0.144,0.339,,,,,,,,,,,,,,
12:15,0.0505,0.0379,0.144,0.339,,,,,,,,,,,,,,
12:16,0.0505,0.0379,0.144,0.339,,,,,,,,,,,,,,
12:17,0.0505,0.0379,0.144,0.339,,,,,,,,,,,,,,
12:18,0.0495,0.0383,0.1212,0.251,,,,,,,,,,,,,,
12:19,0.0495,0.0383,0.1212,0.251,,,,,,,,,,,,,,
12:20,0.0495,0.0383,0.1212,0.251,,,,,,,,,,,,,,
12:21,0.0495,0.0383,0.1212,0.251,,,,,,,,,,,,,,
12:22,0.0495,0.0383,0.1212,0.251,,,,,,,,,,,,,,
12:23,0.0495,0.0383,0.1212,0.251,,,,,,,,,,,,,,
12:24,0.0485,0.039,0.0984,0.163,,,,,,,,,,,,,,
12:25,0.0485,0.039,0.0984,0.163,,,,,,,,,,,,,,
12:26,0.0485,0.039,0.0984,0.163,,,,,,,,,,,,,,
12:27,0.0485,0.039,0.0984,0.163,,,,,,,,,,,,,,
12:28,0.0485,0.039,0.0984,0.163,,,,,,,,,,,,,,
12:29,0.0485,0.039,0.0984,0.163,,,,,,,,,,,,,,
12:30,0.0475,0.0365,0.0844,0.1144,,,,,,,,,,,,,,
12:31,0.0475,0.0365,0.0844,0.1144,,,,,,,,,,,,,,
12:32,0.0475,0.0365,0.0844,0.1144,,,,,,,,,,,,,,
12:33,0.0475,0.0365,0.0844,0.1144,,,,,,,,,,,,,,
12:34,0.0475,0.0365,0.0844,0.1144,,,,,,,,,,,,,,
12:35,0.0475,0.0365,0.0844,0.1144,,,,,,,,,,,,,,
12:36,0.0465,0.0362,0.0792,0.1052,,,,,,,,,,,,,,
12:37,0.0465,0.0362,0.0792,0.1052,,,,,,,,,,,,,,
12:38,0.0465,0.0362,0.0792,0.1052,,,,,,,,,,,,,,
12:39,0.0465,0.0362,0.0792,0.1052,,,,,,,,,,,,,,
12:40,0.0465,0.0362,0.0792,0.1052,,,,,,,,,,,,,,
12:41,0.0465,0.0362,0.0792,0.1052,,,,,,,,,,,,,,
12:42,0.0455,0.0359,0.074,0.096,,,,,,,,,,,,,,
12:43,0.0455,0.0359,0.074,0.096,,,,,,,,,,,,,,
12:44,0.0455,0.0359,0.074,0.096,,,,,,,,,,,,,,
12:45,0.0455,0.0359,0.074,0.096,,,,,,,,,,,,,,
12:46,0.0455,0.0359,0.074,0.096,,,,,,,,,,,,,,
12:47,0.0455,0.0359,0.074,0.096,,,,,,,,,,,,,,
12:48,0.0445,0.0358,0.0688,0.0868,,,,,,,,,,,,,,
12:49,0.0445,0.0358,0.0688,0.0868,,,,,,,,,,,,,,
12:50,0.0445,0.0358,0.0688,0.0868,,,,,,,,,,,,,,
12:51,0.0445,0.0358,0.0688,0.0868,,,,,,,,,,,,,,
12:52,0.0445,0.0358,0.0688,0.0868,,,,,,,,,,,,,,
12:53,0.0445,0.0358,0.0688,0.0868,,,,,,,,,,,,,,
12:54,0.0435,0.0356,0.0636,0.0776,,,,,,,,,,,,,,
12:55,0.0435,0.0356,0.0636,0.0776,,,,,,,,,,,,,,
12:56,0.0435,0.0356,0.0636,0.0776,,,,,,,,,,,,,,
12:57,0.0435,0.0356,0.0636,0.0776,,,,,,,,,,,,,,
12:58,0.0435,0.0356,0.0636,0.0776,,,,,,,,,,,,,,
12:59,0.0435,0.0356,0.0636,0.0776,,,,,,,,,,,,,,
13:00,0.0425,0.0373,0.0596,0.0718,,,,,,,,,,,,,,
13:01,0.0425,0.0373,0.0596,0.0718,,,,,,,,,,,,,,
13:02,0.0425,0.0373,0.0596,0.0718,,,,,,,,,,,,,,
13:03,0.0425,0.0373,0.0596,0.0718,,,,,,,,,,,,,,
13:04,0.0425,0.0373,0.0596,0.0718,,,,,,,,,,,,,,
13:05,0.0425,0.0373,0.0596,0.0718,,,,,,,,,,,,,,
13:06,0.0415,0.0365,0.0568,0.0694,,,,,,,,,,,,,,
13:07,0.0415,0.0365,0.0568,0.0694,,,,,,,,,,,,,,
13:08,0.0415,0.0365,0.0568,0.0694,,,,,,,,,,,,,,
13:09,0.0415,0.0365,0.0568,0.0694,,,,,,,,,,,,,,
13:10,0.0415,0.0365,0.0568,0.0694,,,,,,,,,,,,,,
13:11,0.0415,0.0365,0.0568,0.0694,,,,,,,,,,,,,,
13:12,0.0405,0.036,0.054,0.067,,,,,,,,,,,,,,
13:13,0.0405,0.036,0.054,0.067,,,,,,,,,,,,,,
13:14,0.0405,0.036,0.054,0.067,,,,,,,,,,,,,,
13:15,0.0405,0.036,0.054,0.067,,,,,,,,,,,,,,
13:16,0.0405,0.036,0.054,0.067,,,,,,,,,,,,,,
13:17,0.0405,0.036,0.054,0.067,,,,,,,,,,,,,,
13:18,0.0395,0.0353,0.0512,0.0646,,,,,,,,,,,,,,
13:19,0.0395,0.0353,0.0512,0.0646,,,,,,,,,,,,,,
13:20,0.0395,0.0353,0.0512,0.0646,,,,,,,,,,,,,,
13:21,0.0395,0.0353,0.0512,0.0646,,,,,,,,,,,,,,
13:22,0.0395,0.0353,0.0512,0.0646,,,,,,,,,,,,,,
13:23,0.0395,0.0353,0.0512,0.0646,,,,,,,,,,,,,,
13:24,0.0385,0.0349,0.0484,0.0622,,,,,,,,,,,,,,
13:25,0.0385,0.0349,0.0484,0.0622,,,,,,,,,,,,,,
13:26,0.0385,0.0349,0.0484,0.0622,,,,,,,,,,,,,,
13:27,0.0385,0.0349,0.0484,0.0622,,,,,,,,,,,,,,
13:28,0.0385,0.0349,0.0484,0.0622,,,,,,,,,,,,,,
13:29,0.0385,0.0349,0.0484,0.0622,,,,,,,,,,,,,,
13:30,0.0375,0.0345,0.046,0.0598,,,,,,,,,,,,,,
13:31,0.0375,0.0345,0.046,0.0598,,,,,,,,,,,,,,
13:32,0.0375,0.0345,0.046,0.0598,,,,,,,,,,,,,,
13:33,0.0375,0.0345,0.046,0.0598,,,,,,,,,,,,,,
13:34,0.0375,0.0345,0.046,0.0598,,,,,,,,,,,,,,
13:35,0.0375,0.0345,0.046,0.0598,,,,,,,,,,,,,,
13:36,0.0365,0.0341,0.044,0.0574,,,,,,,,,,,,,,
13:37,0.0365,0.0341,0.044,0.0574,,,,,,,,,,,,,,
13:38,0.0365,0.0341,0.044,0.0574,,,,,,,,,,,,,,
13:39,0.0365,0.0341,0.044,0.0574,,,,,,,,,,,,,,
13:40,0.0365,0.0341,0.044,0.0574,,,,,,,,,,,,,,
13:41,0.0365,0.0341,0.044,0.0574,,,,,,,,,,,,,,
13:42,0.0355,0.034,0.042,0.055,,,,,,,,,,,,,,
13:43,0.0355,0.034,0.042,0.055,,,,,,,,,,,,,,
13:44,0.0355,0.034,0.042,0.055,,,,,,,,,,,,,,
13:45,0.0355,0.034,0.042,0.055,,,,,,,,,,,,,,
13:46,0.0355,0.034,0.042,0.055,,,,,,,,,,,,,,
13:47,0.0355,0.034,0.042,0.055,,,,,,,,,,,,,,
13:48,0.0345,0.0337,0.04,0.0526,,,,,,,,,,,,,,
13:49,0.0345,0.0337,0.04,0.0526,,,,,,,,,,,,,,
13:50,0.0345,0.0337,0.04,0.0526,,,,,,,,,,,,,,
13:51,0.0345,0.0337,0.04,0.0526,,,,,,,,,,,,,,
13:52,0.0345,0.0337,0.04,0.0526,,,,,,,,,,,,,,
13:53,0.0345,0.0337,0.04,0.0526,,,,,,,,,,,,,,
13:54,0.0335,0.0337,0.038,0.0502,,,,,,,,,,,,,,
13:55,0.0335,0.0337,0.038,0.0502,,,,,,,,,,,,,,
13:56,0.0335,0.0337,0.038,0.0502,,,,,,,,,,,,,,
13:57,0.0335,0.0337,0.038,0.0502,,,,,,,,,,,,,,
13:58,0.0335,0.0337,0.038,0.0502,,,,,,,,,,,,,,
13:59,0.0335,0.0337,0.038,0.0502,,,,,,,,,,,,,,
14:00,0.0329,0.0339,0.0367,0.0484,,,,,,,,,,,,,,
14:01,0.0329,0.0339,0.0367,0.0484,,,,,,,,,,,,,,
14:02,0.0329,0.0339,0.0367,0.0484,,,,,,,,,,,,,,
14:03,0.0329,0.0339,0.0367,0.0484,,,,,,,,,,,,,,
14:04,0.0329,0.0339,0.0367,0.0484,,,,,,,,,,,,,,
14:05,0.0329,0.0339,0.0367,0.0484,,,,,,,,,,,,,,
14:06,0.0327,0.0338,0.0359,0.0473,,,,,,,,,,,,,,
14:07,0.0327,0.0338,0.0359,0.0473,,,,,,,,,,,,,,
14:08,0.0327,0.0338,0.0359,0.0473,,,,,,,,,,,,,,
14:09,0.0327,0.0338,0.0359,0.0473,,,,,,,,,,,,,,
14:10,0.0327,0.0338,0.0359,0.0473,,,,,,,,,,,,,,
14:11,0.0327,0.0338,0.0359,0.0473,,,,,,,,,,,,,,
14:12,0.0325,0.0336,0.0353,0.0461,,,,,,,,,,,,,,
14:13,0.0325,0.0336,0.0353,0.0461,,,,,,,,,,,,,,
14:14,0.0325,0.0336,0.0353,0.0461,,,,,,,,,,,,,,
14:15,0.0325,0.0336,0.0353,0.0461,,,,,,,,,,,,,,
14:16,0.0325,0.0336,0.0353,0.0461,,,,,,,,,,,,,,
14:17,0.0325,0.0336,0.0353,0.0461,,,,,,,,,,,,,,
14:18,0.0323,0.0335,0.0345,0.045,,,,,,,,,,,,,,
14:19,0.0323,0.0335,0.0345,0.045,,,,,,,,,,,,,,
14:20,0.0323,0.0335,0.0345,0.045,,,,,,,,,,,,,,
14:21,0.0323,0.0335,0.0345,0.045,,,,,,,,,,,,,,
14:22,0.0323,0.0335,0.0345,0.045,,,,,,,,,,,,,,
14:23,0.0323,0.0335,0.0345,0.045,,,,,,,,,,,,,,
14:24,0.0321,0.0333,0.0339,0.0438,,,,,,,,,,,,,,
14:25,0.0321,0.0333,0.0339,0.0438,,,,,,,,,,,,,,
14:26,0.0321,0.0333,0.0339,0.0438,,,,,,,,,,,,,,
14:27,0.0321,0.0333,0.0339,0.0438,,,,,,,,,,,,,,
14:28,0.0321,0.0333,0.0339,0.0438,,,,,,,,,,,,,,
14:29,0.0321,0.0333,0.0339,0.0438,,,,,,,,,,,,,,
14:30,0.0319,0.0332,0.0331,0.0427,,,,,,,,,,,,,,
14:31,0.0319,0.0332,0.0331,0.0427,,,,,,,,,,,,,,
14:32,0.0319,0.0332,0.0331,0.0427,,,,,,,,,,,,,,
14:33,0.0319,0.0332,0.0331,0.0427,,,,,,,,,,,,,,
14:34,0.0319,0.0332,0.0331,0.0427,,,,,,,,,,,,,,
14:35,0.0319,0.0332,0.0331,0.0427,,,,,,,,,,,,,,
14:36,0.0317,0.033,0.0325,0.0415,,,,,,,,,,,,,,
14:37,0.0317,0.033,0.0325,0.0415,,,,,,,,,,,,,,
14:38,0.0317,0.033,0.0325,0.0415,,,,,,,,,,,,,,
14:39,0.0317,0.033,0.0325,0.0415,,,,,,,,,,,,,,
14:40,0.0317,0.033,0.0325,0.0415,,,,,,,,,,,,,,
14:41,0.0317,0.033,0.0325,0.0415,,,,,,,,,,,,,,
14:42,0.0315,0.0328,0.0317,0.0404,,,,,,,,,,,,,,
14:43,0.0315,0.0328,0.0317,0.0404,,,,,,,,,,,,,,
14:44,0.0315,0.0328,0.0317,0.0404,,,,,,,,,,,,,,
14:45,0.0315,0.0328,0.0317,0.0404,,,,,,,,,,,,,,
14:46,0.0315,0.0328,0.0317,0.0404,,,,,,,,,,,,,,
14:47,0.0315,0.0328,0.0317,0.0404,,,,,,,,,,,,,,
14:48,0.0313,0.0327,0.0311,0.0392,,,,,,,,,,,,,,
14:49,0.0313,0.0327,0.0311,0.0392,,,,,,,,,,,,,,
14:50,0.0313,0.0327,0.0311,0.0392,,,,,,,,,,,,,,
14:51,0.0313,0.0327,0.0311,0.0392,,,,,,,,,,,,,,
14:52,0.0313,0.0327,0.0311,0.0392,,,,,,,,,,,,,,
14:53,0.0313,0.0327,0.0311,0.0392,,,,,,,,,,,,,,
14:54,0.0311,0.0326,0.0303,0.0381,,,,,,,,,,,,,,
14:55,0.0311,0.0326,0.0303,0.0381,,,,,,,,,,,,,,
14:56,0.0311,0.0326,0.0303,0.0381,,,,,,,,,,,,,,
14:57,0.0311,0.0326,0.0303,0.0381,,,,,,,,,,,,,,
14:58,0.0311,0.0326,0.0303,0.0381,,,,,,,,,,,,,,
14:59,0.0311,0.0326,0.0303,0.0381,,,,,,,,,,,,,,
15:00,0.0309,0.0324,0.0297,0.0369,,,,,,,,,,,,,,
15:01,0.0309,0.0324,0.0297,0.0369,,,,,,,,,,,,,,
15:02,0.0309,0.0324,0.0297,0.0369,,,,,,,,,,,,,,
15:03,0.0309,0.0324,0.0297,0.0369,,,,,,,,,,,,,,
15:04,0.0309,0.0324,0.0297,0.0369,,,,,,,,,,,,,,
15:05,0.0309,0.0324,0.0297,0.0369,,,,,,,,,,,,,,
15:06,0.0307,0.0323,0.0289,0.0358,,,,,,,,,,,,,,
15:07,0.0307,0.0323,0.0289,0.0358,,,,,,,,,,,,,,
15:08,0.0307,0.0323,0.0289,0.0358,,,,,,,,,,,,,,
15:09,0.0307,0.0323,0.0289,0.0358,,,,,,,,,,,,,,
15:10,0.0307,0.0323,0.0289,0.0358,,,,,,,,,,,,,,
15:11,0.0307,0.0323,0.0289,0.0358,,,,,,,,,,,,,,
15:12,0.0305,0.0321,0.0283,0.0346,,,,,,,,,,,,,,
15:13,0.0305,0.0321,0.0283,0.0346,,,,,,,,,,,,,,
15:14,0.0305,0.0321,0.0283,0.0346,,,,,,,,,,,,,,
15:15,0.0305,0.0321,0.0283,0.0346,,,,,,,,,,,,,,
15:16,0.0305,0.0321,0.0283,0.0346,,,,,,,,,,,,,,
15:17,0.0305,0.0321,0.0283,0.0346,,,,,,,,,,,,,,
15:18,0.0303,0.0319,0.0275,0.0335,,,,,,,,,,,,,,
15:19,0.0303,0.0319,0.0275,0.0335,,,,,,,,,,,,,,
15:20,0.0303,0.0319,0.0275,0.0335,,,,,,,,,,,,,,
15:21,0.0303,0.0319,0.0275,0.0335,,,,,,,,,,,,,,
15:22,0.0303,0.0319,0.0275,0.0335,,,,,,,,,,,,,,
15:23,0.0303,0.0319,0.0275,0.0335,,,,,,,,,,,,,,
15:24,0.0301,0.0318,0.0269,0.0323,,,,,,,,,,,,,,
15:25,0.0301,0.0318,0.0269,0.0323,,,,,,,,,,,,,,
15:26,0.0301,0.0318,0.0269,0.0323,,,,,,,,,,,,,,
15:27,0.0301,0.0318,0.0269,0.0323,,,,,,,,,,,,,,
15:28,0.0301,0.0318,0.0269,0.0323,,,,,,,,,,,,,,
15:29,0.0301,0.0318,0.0269,0.0323,,,,,,,,,,,,,,
15:30,0.0299,0.0316,0.0261,0.0312,,,,,,,,,,,,,,
15:31,0.0299,0.0316,0.0261,0.0312,,,,,,,,,,,,,,
15:32,0.0299,0.0316,0.0261,0.0312,,,,,,,,,,,,,,
15:33,0.0299,0.0316,0.0261,0.0312,,,,,,,,,,,,,,
15:34,0.0299,0.0316,0.0261,0.0312,,,,,,,,,,,,,,
15:35,0.0299,0.0316,0.0261,0.0312,,,,,,,,,,,,,,
15:36,0.0297,0.0315,0.0255,0.03,,,,,,,,,,,,,,
15:37,0.0297,0.0315,0.0255,0.03,,,,,,,,,,,,,,
15:38,0.0297,0.0315,0.0255,0.03,,,,,,,,,,,,,,
15:39,0.0297,0.0315,0.0255,0.03,,,,,,,,,,,,,,
15:40,0.0297,0.0315,0.0255,0.03,,,,,,,,,,,,,,
15:41,0.0297,0.0315,0.0255,0.03,,,,,,,,,,,,,,
15:42,0.0295,0.0314,0.0247,0.0289,,,,,,,,,,,,,,
15:43,0.0295,0.0314,0.0247,0.0289,,,,,,,,,,,,,,
15:44,0.0295,0.0314,0.0247,0.0289,,,,,,,,,,,,,,
15:45,0.0295,0.0314,0.0247,0.0289,,,,,,,,,,,,,,
15:46,0.0295,0.0314,0.0247,0.0289,,,,,,,,,,,,,,
15:47,0.0295,0.0314,0.0247,0.0289,,,,,,,,,,,,,,
15:48,0.0293,0.0312,0.0241,0.0277,,,,,,,,,,,,,,
15:49,0.0293,0.0312,0.0241,0.0277,,,,,,,,,,,,,,
15:50,0.0293,0.0312,0.0241,0.0277,,,,,,,,,,,,,,
15:51,0.0293,0.0312,0.0241,0.0277,,,,,,,,,,,,,,
15:52,0.0293,0.0312,0.0241,0.0277,,,,,,,,,,,,,,
15:53,0.0293,0.0312,0.0241,0.0277,,,,,,,,,,,,,,
15:54,0.0291,0.031,0.0233,0.0266,,,,,,,,,,,,,,
15:55,0.0291,0.031,0.0233,0.0266,,,,,,,,,,,,,,
15:56,0.0291,0.031,0.0233,0.0266,,,,,,,,,,,,,,
15:57,0.0291,0.031,0.0233,0.0266,,,,,,,,,,,,,,
15:58,0.0291,0.031,0.0233,0.0266,,,,,,,,,,,,,,
15:59,0.0291,0.031,0.0233,0.0266,,,,,,,,,,,,,,
16:00,0.0289,0.0309,0.0229,0.0258,,,,,,,,,,,,,,
16:01,0.0289,0.0309,0.0229,0.0258,,,,,,,,,,,,,,
16:02,0.0289,0.0309,0.0229,0.0258,,,,,,,,,,,,,,
16:03,0.0289,0.0309,0.0229,0.0258,,,,,,,,,,,,,,
16:04,0.0289,0.0309,0.0229,0.0258,,,,,,,,,,,,,,
16:05,0.0289,0.0309,0.0229,0.0258,,,,,,,,,,,,,,
16:06,0.0287,0.0307,0.0226,0.0252,,,,,,,,,,,,,,
16:07,0.0287,0.0307,0.0226,0.0252,,,,,,,,,,,,,,
16:08,0.0287,0.0307,0.0226,0.0252,,,,,,,,,,,,,,
16:09,0.0287,0.0307,0.0226,0.0252,,,,,,,,,,,,,,
16:10,0.0287,0.0307,0.0226,0.0252,,,,,,,,,,,,,,
16:11,0.0287,0.0307,0.0226,0.0252,,,,,,,,,,,,,,
16:12,0.0285,0.0306,0.0224,0.0248,,,,,,,,,,,,,,
16:13,0.0285,0.0306,0.0224,0.0248,,,,,,,,,,,,,,
16:14,0.0285,0.0306,0.0224,0.0248,,,,,,,,,,,,,,
16:15,0.0285,0.0306,0.0224,0.0248,,,,,,,,,,,,,,
16:16,0.0285,0.0306,0.0224,0.0248,,,,,,,,,,,,,,
16:17,0.0285,0.0306,0.0224,0.0248,,,,,,,,,,,,,,
16:18,0.0283,0.0304,0.0221,0.0242,,,,,,,,,,,,,,
16:19,0.0283,0.0304,0.0221,0.0242,,,,,,,,,,,,,,
16:20,0.0283,0.0304,0.0221,0.0242,,,,,,,,,,,,,,
16:21,0.0283,0.0304,0.0221,0.0242,,,,,,,,,,,,,,
16:22,0.0283,0.0304,0.0221,0.0242,,,,,,,,,,,,,,
16:23,0.0283,0.0304,0.0221,0.0242,,,,,,,,,,,,,,
16:24,0.0281,0.0303,0.0219,0.0238,,,,,,,,,,,,,,
16:25,0.0281,0.0303,0.0219,0.0238,,,,,,,,,,,,,,
16:26,0.0281,0.0303,0.0219,0.0238,,,,,,,,,,,,,,
16:27,0.0281,0.0303,0.0219,0.0238,,,,,,,,,,,,,,
16:28,0.0281,0.0303,0.0219,0.0238,,,,,,,,,,,,,,
16:29,0.0281,0.0303,0.0219,0.0238,,,,,,,,,,,,,,
16:30,0.0279,0.0301,0.0216,0.0232,,,,,,,,,,,,,,
16:31,0.0279,0.0301,0.0216,0.0232,,,,,,,,,,,,,,
16:32,0.0279,0.0301,0.0216,0.0232,,,,,,,,,,,,,,
16:33,0.0279,0.0301,0.0216,0.0232,,,,,,,,,,,,,,
16:34,0.0279,0.0301,0.0216,0.0232,,,,,,,,,,,,,,
16:35,0.0279,0.0301,0.0216,0.0232,,,,,,,,,,,,,,
16:36,0.0277,0.03,0.0214,0.0228,,,,,,,,,,,,,,
16:37,0.0277,0.03,0.0214,0.0228,,,,,,,,,,,,,,
16:38,0.0277,0.03,0.0214,0.0228,,,,,,,,,,,,,,
16:39,0.0277,0.03,0.0214,0.0228,,,,,,,,,,,,,,
16:40,0.0277,0.03,0.0214,0.0228,,,,,,,,,,,,,,
16:41,0.0277,0.03,0.0214,0.0228,,,,,,,,,,,,,,
16:42,0.0275,0.0298,0.0211,0.0222,,,,,,,,,,,,,,
16:43,0.0275,0.0298,0.0211,0.0222,,,,,,,,,,,,,,
16:44,0.0275,0.0298,0.0211,0.0222,,,,,,,,,,,,,,
16:45,0.0275,0.0298,0.0211,0.0222,,,,,,,,,,,,,,
16:46,0.0275,0.0298,0.0211,0.0222,,,,,,,,,,,,,,
16:47,0.0275,0.0298,0.0211,0.0222,,,,,,,,,,,,,,
16:48,0.0273,0.0297,0.0209,0.0218,,,,,,,,,,,,,,
16:49,0.0273,0.0297,0.0209,0.0218,,,,,,,,,,,,,,
16:50,0.0273,0.0297,0.0209,0.0218,,,,,,,,,,,,,,
16:51,0.0273,0.0297,0.0209,0.0218,,,,,,,,,,,,,,
16:52,0.0273,0.0297,0.0209,0.0218,,,,,,,,,,,,,,
16:53,0.0273,0.0297,0.0209,0.0218,,,,,,,,,,,,,,
16:54,0.0271,0.0295,0.0206,0.0212,,,,,,,,,,,,,,
16:55,0.0271,0.0295,0.0206,0.0212,,,,,,,,,,,,,,
16:56,0.0271,0.0295,0.0206,0.0212,,,,,,,,,,,,,,
16:57,0.0271,0.0295,0.0206,0.0212,,,,,,,,,,,,,,
16:58,0.0271,0.0295,0.0206,0.0212,,,,,,,,,,,,,,
16:59,0.0271,0.0295,0.0206,0.0212,,,,,,,,,,,,,,
17:00,0.0269,0.0294,0.0204,0.0208,,,,,,,,,,,,,,
17:01,0.0269,0.0294,0.0204,0.0208,,,,,,,,,,,,,,
17:02,0.0269,0.0294,0.0204,0.0208,,,,,,,,,,,,,,
17:03,0.0269,0.0294,0.0204,0.0208,,,,,,,,,,,,,,
17:04,0.0269,0.0294,0.0204,0.0208,,,,,,,,,,,,,,
17:05,0.0269,0.0294,0.0204,0.0208,,,,,,,,,,,,,,
17:06,0.0267,0.0292,0.0201,0.0202,,,,,,,,,,,,,,
17:07,0.0267,0.0292,0.0201,0.0202,,,,,,,,,,,,,,
17:08,0.0267,0.0292,0.0201,0.0202,,,,,,,,,,,,,,
17:09,0.0267,0.0292,0.0201,0.0202,,,,,,,,,,,,,,
17:10,0.0267,0.0292,0.0201,0.0202,,,,,,,,,,,,,,
17:11,0.0267,0.0292,0.0201,0.0202,,,,,,,,,,,,,,
17:12,0.0265,0.029,0.0199,0.0198,,,,,,,,,,,,,,
17:13,0.0265,0.029,0.0199,0.0198,,,,,,,,,,,,,,
17:14,0.0265,0.029,0.0199,0.0198,,,,,,,,,,,,,,
17:15,0.0265,0.029,0.0199,0.0198,,,,,,,,,,,,,,
17:16,0.0265,0.029,0.0199,0.0198,,,,,,,,,,,,,,
17:17,0.0265,0.029,0.0199,0.0198,,,,,,,,,,,,,,
17:18,0.0263,0.0289,0.0196,0.0192,,,,,,,,,,,,,,
17:19,0.0263,0.0289,0.0196,0.0192,,,,,,,,,,,,,,
17:20,0.0263,0.0289,0.0196,0.0192,,,,,,,,,,,,,,
17:21,0.0263,0.0289,0.0196,0.0192,,,,,,,,,,,,,,
17:22,0.0263,0.0289,0.0196,0.0192,,,,,,,,,,,,,,
17:23,0.0263,0.0289,0.0196,0.0192,,,,,,,,,,,,,,
17:24,0.0261,0.0288,0.0194,0.0188,,,,,,,,,,,,,,
17:25,0.0261,0.0288,0.0194,0.0188,,,,,,,,,,,,,,
17:26,0.0261,0.0288,0.0194,0.0188,,,,,,,,,,,,,,
17:27,0.0261,0.0288,0.0194,0.0188,,,,,,,,,,,,,,
17:28,0.0261,0.0288,0.0194,0.0188,,,,,,,,,,,,,,
17:29,0.0261,0.0288,0.0194,0.0188,,,,,,,,,,,,,,
17:30,0.0259,0.0286,0.0191,0.0182,,,,,,,,,,,,,,
17:31,0.0259,0.0286,0.0191,0.0182,,,,,,,,,,,,,,
17:32,0.0259,0.0286,0.0191,0.0182,,,,,,,,,,,,,,
17:33,0.0259,0.0286,0.0191,0.0182,,,,,,,,,,,,,,
17:34,0.0259,0.0286,0.0191,0.0182,,,,,,,,,,,,,,
17:35,0.0259,0.0286,0.0191,0.0182,,,,,,,,,,,,,,
17:36,0.0257,0.0285,0.0189,0.0178,,,,,,,,,,,,,,
17:37,0.0257,0.0285,0.0189,0.0178,,,,,,,,,,,,,,
17:38,0.0257,0.0285,0.0189,0.0178,,,,,,,,,,,,,,
17:39,0.0257,0.0285,0.0189,0.0178,,,,,,,,,,,,,,
17:40,0.0257,0.0285,0.0189,0.0178,,,,,,,,,,,,,,
17:41,0.0257,0.0285,0.0189,0.0178,,,,,,,,,,,,,,
17:42,0.0255,0.0283,0.0186,0.0172,,,,,,,,,,,,,,
17:43,0.0255,0.0283,0.0186,0.0172,,,,,,,,,,,,,,
17:44,0.0255,0.0283,0.0186,0.0172,,,,,,,,,,,,,,
17:45,0.0255,0.0283,0.0186,0.0172,,,,,,,,,,,,,,
17:46,0.0255,0.0283,0.0186,0.0172,,,,,,,,,,,,,,
17:47,0.0255,0.0283,0.0186,0.0172,,,,,,,,,,,,,,
17:48,0.0253,0.0281,0.0184,0.0168,,,,,,,,,,,,,,
17:49,0.0253,0.0281,0.0184,0.0168,,,,,,,,,,,,,,
17:50,0.0253,0.0281,0.0184,0.0168,,,,,,,,,,,,,,
17:51,0.0253,0.0281,0.0184,0.0168,,,,,,,,,,,,,,
17:52,0.0253,0.0281,0.0184,0.0168,,,,,,,,,,,,,,
17:53,0.0253,0.0281,0.0184,0.0168,,,,,,,,,,,,,,
17:54,0.0251,0.028,0.0181,0.0162,,,,,,,,,,,,,,
17:55,0.0251,0.028,0.0181,0.0162,,,,,,,,,,,,,,
17:56,0.0251,0.028,0.0181,0.0162,,,,,,,,,,,,,,
17:57,0.0251,0.028,0.0181,0.0162,,,,,,,,,,,,,,
17:58,0.0251,0.028,0.0181,0.0162,,,,,,,,,,,,,,
17:59,0.0251,0.028,0.0181,0.0162,,,,,,,,,,,,,,
18:00,0.0249,0.0278,0.0179,0.0159,,,,,,,,,,,,,,
18:01,0.0249,0.0278,0.0179,0.0159,,,,,,,,,,,,,,
18:02,0.0249,0.0278,0.0179,0.0159,,,,,,,,,,,,,,
18:03,0.0249,0.0278,0.0179,0.0159,,,,,,,,,,,,,,
18:04,0.0249,0.0278,0.0179,0.0159,,,,,,,,,,,,,,
18:05,0.0249,0.0278,0.0179,0.0159,,,,,,,,,,,,,,
18:06,0.0247,0.0277,0.0176,0.0158,,,,,,,,,,,,,,
18:07,0.0247,0.0277,0.0176,0.0158,,,,,,,,,,,,,,
18:08,0.0247,0.0277,0.0176,0.0158,,,,,,,,,,,,,,
18:09,0.0247,0.0277,0.0176,0.0158,,,,,,,,,,,,,,
18:10,0.0247,0.0277,0.0176,0.0158,,,,,,,,,,,,,,
18:11,0.0247,0.0277,0.0176,0.0158,,,,,,,,,,,,,,
18:12,0.0245,0.0276,0.0174,0.0156,,,,,,,,,,,,,,
18:13,0.0245,0.0276,0.0174,0.0156,,,,,,,,,,,,,,
18:14,0.0245,0.0276,0.0174,0.0156,,,,,,,,,,,,,,
18:15,0.0245,0.0276,0.0174,0.0156,,,,,,,,,,,,,,
18:16,0.0245,0.0276,0.0174,0.0156,,,,,,,,,,,,,,
18:17,0.0245,0.0276,0.0174,0.0156,,,,,,,,,,,,,,
18:18,0.0243,0.0274,0.0171,0.0155,,,,,,,,,,,,,,
18:19,0.0243,0.0274,0.0171,0.0155,,,,,,,,,,,,,,
18:20,0.0243,0.0274,0.0171,0.0155,,,,,,,,,,,,,,
18:21,0.0243,0.0274,0.0171,0.0155,,,,,,,,,,,,,,
18:22,0.0243,0.0274,0.0171,0.0155,,,,,,,,,,,,,,
18:23,0.0243,0.0274,0.0171,0.0155,,,,,,,,,,,,,,
18:24,0.0241,0.0272,0.0169,0.0153,,,,,,,,,,,,,,
18:25,0.0241,0.0272,0.0169,0.0153,,,,,,,,,,,,,,
18:26,0.0241,0.0272,0.0169,0.0153,,,,,,,,,,,,,,
18:27,0.0241,0.0272,0.0169,0.0153,,,,,,,,,,,,,,
18:28,0.0241,0.0272,0.0169,0.0153,,,,,,,,,,,,,,
18:29,0.0241,0.0272,0.0169,0.0153,,,,,,,,,,,,,,
18:30,0.0239,0.0271,0.0166,0.0152,,,,,,,,,,,,,,
18:31,0.0239,0.0271,0.0166,0.0152,,,,,,,,,,,,,,
18:32,0.0239,0.0271,0.0166,0.0152,,,,,,,,,,,,,,
18:33,0.0239,0.0271,0.0166,0.0152,,,,,,,,,,,,,,
18:34,0.0239,0.0271,0.0166,0.0152,,,,,,,,,,,,,,
18:35,0.0239,0.0271,0.0166,0.0152,,,,,,,,,,,,,,
18:36,0.0237,0.0269,0.0164,0.015,,,,,,,,,,,,,,
18:37,0.0237,0.0269,0.0164,0.015,,,,,,,,,,,,,,
18:38,0.0237,0.0269,0.0164,0.015,,,,,,,,,,,,,,
18:39,0.0237,0.0269,0.0164,0.015,,,,,,,,,,,,,,
18:40,0.0237,0.0269,0.0164,0.015,,,,,,,,,,,,,,
18:41,0.0237,0.0269,0.0164,0.015,,,,,,,,,,,,,,
18:42,0.0235,0.0268,0.0161,0.0149,,,,,,,,,,,,,,
18:43,0.0235,0.0268,0.0161,0.0149,,,,,,,,,,,,,,
18:44,0.0235,0.0268,0.0161,0.0149,,,,,,,,,,,,,,
18:45,0.0235,0.0268,0.0161,0.0149,,,,,,,,,,,,,,
18:46,0.0235,0.0268,0.0161,0.0149,,,,,,,,,,,,,,
18:47,0.0235,0.0268,0.0161,0.0149,,,,,,,,,,,,,,
18:48,0.0233,0.0266,0.0159,0.0147,,,,,,,,,,,,,,
18:49,0.0233,0.0266,0.0159,0.0147,,,,,,,,,,,,,,
18:50,0.0233,0.0266,0.0159,0.0147,,,,,,,,,,,,,,
18:51,0.0233,0.0266,0.0159,0.0147,,,,,,,,,,,,,,
18:52,0.0233,0.0266,0.0159,0.0147,,,,,,,,,,,,,,
18:53,0.0233,0.0266,0.0159,0.0147,,,,,,,,,,,,,,
18:54,0.0231,0.0265,0.0156,0.0146,,,,,,,,,,,,,,
18:55,0.0231,0.0265,0.0156,0.0146,,,,,,,,,,,,,,
18:56,0.0231,0.0265,0.0156,0.0146,,,,,,,,,,,,,,
18:57,0.0231,0.0265,0.0156,0.0146,,,,,,,,,,,,,,
18:58,0.0231,0.0265,0.0156,0.0146,,,,,,,,,,,,,,
18:59,0.0231,0.0265,0.0156,0.0146,,,,,,,,,,,,,,
19:00,0.0229,0.0263,0.0154,0.0144,,,,,,,,,,,,,,
19:01,0.0229,0.0263,0.0154,0.0144,,,,,,,,,,,,,,
19:02,0.0229,0.0263,0.0154,0.0144,,,,,,,,,,,,,,
19:03,0.0229,0.0263,0.0154,0.0144,,,,,,,,,,,,,,
19:04,0.0229,0.0263,0.0154,0.0144,,,,,,,,,,,,,,
19:05,0.0229,0.0263,0.0154,0.0144,,,,,,,,,,,,,,
19:06,0.0227,0.0262,0.0151,0.0143,,,,,,,,,,,,,,
19:07,0.0227,0.0262,0.0151,0.0143,,,,,,,,,,,,,,
19:08,0.0227,0.0262,0.0151,0.0143,,,,,,,,,,,,,,
19:09,0.0227,0.0262,0.0151,0.0143,,,,,,,,,,,,,,
19:10,0.0227,0.0262,0.0151,0.0143,,,,,,,,,,,,,,
19:11,0.0227,0.0262,0.0151,0.0143,,,,,,,,,,,,,,
19:12,0.0225,0.026,0.0149,0.0141,,,,,,,,,,,,,,
19:13,0.0225,0.026,0.0149,0.0141,,,,,,,,,,,,,,
19:14,0.0225,0.026,0.0149,0.0141,,,,,,,,,,,,,,
19:15,0.0225,0.026,0.0149,0.0141,,,,,,,,,,,,,,
19:16,0.0225,0.026,0.0149,0.0141,,,,,,,,,,,,,,
19:17,0.0225,0.026,0.0149,0.0141,,,,,,,,,,,,,,
19:18,0.0223,0.0259,0.0146,0.014,,,,,,,,,,,,,,
19:19,0.0223,0.0259,0.0146,0.014,,,,,,,,,,,,,,
19:20,0.0223,0.0259,0.0146,0.014,,,,,,,,,,,,,,
19:21,0.0223,0.0259,0.0146,0.014,,,,,,,,,,,,,,
19:22,0.0223,0.0259,0.0146,0.014,,,,,,,,,,,,,,
19:23,0.0223,0.0259,0.0146,0.014,,,,,,,,,,,,,,
19:24,0.0221,0.0257,0.0144,0.0138,,,,,,,,,,,,,,
19:25,0.0221,0.0257,0.0144,0.0138,,,,,,,,,,,,,,
19:26,0.0221,0.0257,0.0144,0.0138,,,,,,,,,,,,,,
19:27,0.0221,0.0257,0.0144,0.0138,,,,,,,,,,,,,,
19:28,0.0221,0.0257,0.0144,0.0138,,,,,,,,,,,,,,
19:29,0.0221,0.0257,0.0144,0.0138,,,,,,,,,,,,,,
19:30,0.0219,0.0256,0.0141,0.0137,,,,,,,,,,,,,,
19:31,0.0219,0.0256,0.0141,0.0137,,,,,,,,,,,,,,
19:32,0.0219,0.0256,0.0141,0.0137,,,,,,,,,,,,,,
19:33,0.0219,0.0256,0.0141,0.0137,,,,,,,,,,,,,,
19:34,0.0219,0.0256,0.0141,0.0137,,,,,,,,,,,,,,
19:35,0.0219,0.0256,0.0141,0.0137,,,,,,,,,,,,,,
19:36,0.0217,0.0254,0.0139,0.0135,,,,,,,,,,,,,,
19:37,0.0217,0.0254,0.0139,0.0135,,,,,,,,,,,,,,
19:38,0.0217,0.0254,0.0139,0.0135,,,,,,,,,,,,,,
19:39,0.0217,0.0254,0.0139,0.0135,,,,,,,,,,,,,,
19:40,0.0217,0.0254,0.0139,0.0135,,,,,,,,,,,,,,
19:41,0.0217,0.0254,0.0139,0.0135,,,,,,,,,,,,,,
19:42,0.0215,0.0252,0.0136,0.0134,,,,,,,,,,,,,,
19:43,0.0215,0.0252,0.0136,0.0134,,,,,,,,,,,,,,
19:44,0.0215,0.0252,0.0136,0.0134,,,,,,,,,,,,,,
19:45,0.0215,0.0252,0.0136,0.0134,,,,,,,,,,,,,,
19:46,0.0215,0.0252,0.0136,0.0134,,,,,,,,,,,,,,
19:47,0.0215,0.0252,0.0136,0.0134,,,,,,,,,,,,,,
19:48,0.0213,0.0251,0.0134,0.0132,,,,,,,,,,,,,,
19:49,0.0213,0.0251,0.0134,0.0132,,,,,,,,,,,,,,
19:50,0.0213,0.0251,0.0134,0.0132,,,,,,,,,,,,,,
19:51,0.0213,0.0251,0.0134,0.0132,,,,,,,,,,,,,,
19:52,0.0213,0.0251,0.0134,0.0132,,,,,,,,,,,,,,
19:53,0.0213,0.0251,0.0134,0.0132,,,,,,,,,,,,,,
19:54,0.0211,0.025,0.0131,0.0131,,,,,,,,,,,,,,
19:55,0.0211,0.025,0.0131,0.0131,,,,,,,,,,,,,,
19:56,0.0211,0.025,0.0131,0.0131,,,,,,,,,,,,,,
19:57,0.0211,0.025,0.0131,0.0131,,,,,,,,,,,,,,
19:58,0.0211,0.025,0.0131,0.0131,,,,,,,,,,,,,,
19:59,0.0211,0.025,0.0131,0.0131,,,,,,,,,,,,,,
20:00,0.0209,0.0248,0.013,0.0129,,,,,,,,,,,,,,
20:01,0.0209,0.0248,0.013,0.0129,,,,,,,,,,,,,,
20:02,0.0209,0.0248,0.013,0.0129,,,,,,,,,,,,,,
20:03,0.0209,0.0248,0.013,0.0129,,,,,,,,,,,,,,
20:04,0.0209,0.0248,0.013,0.0129,,,,,,,,,,,,,,
20:05,0.0209,0.0248,0.013,0.0129,,,,,,,,,,,,,,
20:06,0.0207,0.0247,0.0129,0.0129,,,,,,,,,,,,,,
20:07,0.0207,0.0247,0.0129,0.0129,,,,,,,,,,,,,,
20:08,0.0207,0.0247,0.0129,0.0129,,,,,,,,,,,,,,
20:09,0.0207,0.0247,0.0129,0.0129,,,,,,,,,,,,,,
20:10,0.0207,0.0247,0.0129,0.0129,,,,,,,,,,,,,,
20:11,0.0207,0.0247,0.0129,0.0129,,,,,,,,,,,,,,
20:12,0.0205,0.0245,0.0129,0.0127,,,,,,,,,,,,,,
20:13,0.0205,0.0245,0.0129,0.0127,,,,,,,,,,,,,,
20:14,0.0205,0.0245,0.0129,0.0127,,,,,,,,,,,,,,
20:15,0.0205,0.0245,0.0129,0.0127,,,,,,,,,,,,,,
20:16,0.0205,0.0245,0.0129,0.0127,,,,,,,,,,,,,,
20:17,0.0205,0.0245,0.0129,0.0127,,,,,,,,,,,,,,
20:18,0.0203,0.0243,0.0128,0.0126,,,,,,,,,,,,,,
20:19,0.0203,0.0243,0.0128,0.0126,,,,,,,,,,,,,,
20:20,0.0203,0.0243,0.0128,0.0126,,,,,,,,,,,,,,
20:21,0.0203,0.0243,0.0128,0.0126,,,,,,,,,,,,,,
20:22,0.0203,0.0243,0.0128,0.0126,,,,,,,,,,,,,,
20:23,0.0203,0.0243,0.0128,0.0126,,,,,,,,,,,,,,
20:24,0.0201,0.0242,0.0128,0.0125,,,,,,,,,,,,,,
20:25,0.0201,0.0242,0.0128,0.0125,,,,,,,,,,,,,,
20:26,0.0201,0.0242,0.0128,0.0125,,,,,,,,,,,,,,
20:27,0.0201,0.0242,0.0128,0.0125,,,,,,,,,,,,,,
20:28,0.0201,0.0242,0.0128,0.0125,,,,,,,,,,,,,,
20:29,0.0201,0.0242,0.0128,0.0125,,,,,,,,,,,,,,
20:30,0.0199,0.024,0.0127,0.0124,,,,,,,,,,,,,,
20:31,0.0199,0.024,0.0127,0.0124,,,,,,,,,,,,,,
20:32,0.0199,0.024,0.0127,0.0124,,,,,,,,,,,,,,
20:33,0.0199,0.024,0.0127,0.0124,,,,,,,,,,,,,,
20:34,0.0199,0.024,0.0127,0.0124,,,,,,,,,,,,,,
20:35,0.0199,0.024,0.0127,0.0124,,,,,,,,,,,,,,
20:36,0.0197,0.0239,0.0127,0.0122,,,,,,,,,,,,,,
20:37,0.0197,0.0239,0.0127,0.0122,,,,,,,,,,,,,,
20:38,0.0197,0.0239,0.0127,0.0122,,,,,,,,,,,,,,
20:39,0.0197,0.0239,0.0127,0.0122,,,,,,,,,,,,,,
20:40,0.0197,0.0239,0.0127,0.0122,,,,,,,,,,,,,,
20:41,0.0197,0.0239,0.0127,0.0122,,,,,,,,,,,,,,
20:42,0.0195,0.0238,0.0126,0.0122,,,,,,,,,,,,,,
20:43,0.0195,0.0238,0.0126,0.0122,,,,,,,,,,,,,,
20:44,0.0195,0.0238,0.0126,0.0122,,,,,,,,,,,,,,
20:45,0.0195,0.0238,0.0126,0.0122,,,,,,,,,,,,,,
20:46,0.0195,0.0238,0.0126,0.0122,,,,,,,,,,,,,,
20:47,0.0195,0.0238,0.0126,0.0122,,,,,,,,,,,,,,
20:48,0.0193,0.0236,0.0126,0.012,,,,,,,,,,,,,,
20:49,0.0193,0.0236,0.0126,0.012,,,,,,,,,,,,,,
20:50,0.0193,0.0236,0.0126,0.012,,,,,,,,,,,,,,
20:51,0.0193,0.0236,0.0126,0.012,,,,,,,,,,,,,,
20:52,0.0193,0.0236,0.0126,0.012,,,,,,,,,,,,,,
20:53,0.0193,0.0236,0.0126,0.012,,,,,,,,,,,,,,
20:54,0.0191,0.0234,0.0125,0.012,,,,,,,,,,,,,,
20:55,0.0191,0.0234,0.0125,0.012,,,,,,,,,,,,,,
20:56,0.0191,0.0234,0.0125,0.012,,,,,,,,,,,,,,
20:57,0.0191,0.0234,0.0125,0.012,,,,,,,,,,,,,,
20:58,0.0191,0.0234,0.0125,0.012,,,,,,,,,,,,,,
20:59,0.0191,0.0234,0.0125,0.012,,,,,,,,,,,,,,
21:00,0.0189,0.0233,0.0125,0.0118,,,,,,,,,,,,,,
21:01,0.0189,0.0233,0.0125,0.0118,,,,,,,,,,,,,,
21:02,0.0189,0.0233,0.0125,0.0118,,,,,,,,,,,,,,
21:03,0.0189,0.0233,0.0125,0.0118,,,,,,,,,,,,,,
21:04,0.0189,0.0233,0.0125,0.0118,,,,,,,,,,,,,,
21:05,0.0189,0.0233,0.0125,0.0118,,,,,,,,,,,,,,
21:06,0.0187,0.0231,0.0124,0.0117,,,,,,,,,,,,,,
21:07,0.0187,0.0231,0.0124,0.0117,,,,,,,,,,,,,,
21:08,0.0187,0.0231,0.0124,0.0117,,,,,,,,,,,,,,
21:09,0.0187,0.0231,0.0124,0.0117,,,,,,,,,,,,,,
21:10,0.0187,0.0231,0.0124,0.0117,,,,,,,,,,,,,,
21:11,0.0187,0.0231,0.0124,0.0117,,,,,,,,,,,,,,
21:12,0.0185,0.023,0.0124,0.0116,,,,,,,,,,,,,,
21:13,0.0185,0.023,0.0124,0.0116,,,,,,,,,,,,,,
21:14,0.0185,0.023,0.0124,0.0116,,,,,,,,,,,,,,
21:15,0.0185,0.023,0.0124,0.0116,,,,,,,,,,,,,,
21:16,0.0185,0.023,0.0124,0.0116,,,,,,,,,,,,,,
21:17,0.0185,0.023,0.0124,0.0116,,,,,,,,,,,,,,
21:18,0.0183,0.0228,0.0123,0.0115,,,,,,,,,,,,,,
21:19,0.0183,0.0228,0.0123,0.0115,,,,,,,,,,,,,,
21:20,0.0183,0.0228,0.0123,0.0115,,,,,,,,,,,,,,
21:21,0.0183,0.0228,0.0123,0.0115,,,,,,,,,,,,,,
21:22,0.0183,0.0228,0.0123,0.0115,,,,,,,,,,,,,,
21:23,0.0183,0.0228,0.0123,0.0115,,,,,,,,,,,,,,
21:24,0.0181,0.0227,0.0123,0.0113,,,,,,,,,,,,,,
21:25,0.0181,0.0227,0.0123,0.0113,,,,,,,,,,,,,,
21:26,0.0181,0.0227,0.0123,0.0113,,,,,,,,,,,,,,
21:27,0.0181,0.0227,0.0123,0.0113,,,,,,,,,,,,,,
21:28,0.0181,0.0227,0.0123,0.0113,,,,,,,,,,,,,,
21:29,0.0181,0.0227,0.0123,0.0113,,,,,,,,,,,,,,
21:30,0.0179,0.0225,0.0122,0.0113,,,,,,,,,,,,,,
21:31,0.0179,0.0225,0.0122,0.0113,,,,,,,,,,,,,,
21:32,0.0179,0.0225,0.0122,0.0113,,,,,,,,,,,,,,
21:33,0.0179,0.0225,0.0122,0.0113,,,,,,,,,,,,,,
21:34,0.0179,0.0225,0.0122,0.0113,,,,,,,,,,,,,,
21:35,0.0179,0.0225,0.0122,0.0113,,,,,,,,,,,,,,
21:36,0.0177,0.0224,0.0122,0.0111,,,,,,,,,,,,,,
21:37,0.0177,0.0224,0.0122,0.0111,,,,,,,,,,,,,,
21:38,0.0177,0.0224,0.0122,0.0111,,,,,,,,,,,,,,
21:39,0.0177,0.0224,0.0122,0.0111,,,,,,,,,,,,,,
21:40,0.0177,0.0224,0.0122,0.0111,,,,,,,,,,,,,,
21:41,0.0177,0.0224,0.0122,0.0111,,,,,,,,,,,,,,
21:42,0.0175,0.0222,0.0121,0.0111,,,,,,,,,,,,,,
21:43,0.0175,0.0222,0.0121,0.0111,,,,,,,,,,,,,,
21:44,0.0175,0.0222,0.0121,0.0111,,,,,,,,,,,,,,
21:45,0.0175,0.0222,0.0121,0.0111,,,,,,,,,,,,,,
21:46,0.0175,0.0222,0.0121,0.0111,,,,,,,,,,,,,,
21:47,0.0175,0.0222,0.0121,0.0111,,,,,,,,,,,,,,
21:48,0.0173,0.0221,0.0121,0.0109,,,,,,,,,,,,,,
21:49,0.0173,0.0221,0.0121,0.0109,,,,,,,,,,,,,,
21:50,0.0173,0.0221,0.0121,0.0109,,,,,,,,,,,,,,
21:51,0.0173,0.0221,0.0121,0.0109,,,,,,,,,,,,,,
21:52,0.0173,0.0221,0.0121,0.0109,,,,,,,,,,,,,,
21:53,0.0173,0.0221,0.0121,0.0109,,,,,,,,,,,,,,
21:54,0.0171,0.0219,0.012,0.0108,,,,,,,,,,,,,,
21:55,0.0171,0.0219,0.012,0.0108,,,,,,,,,,,,,,
21:56,0.0171,0.0219,0.012,0.0108,,,,,,,,,,,,,,
21:57,0.0171,0.0219,0.012,0.0108,,,,,,,,,,,,,,
21:58,0.0171,0.0219,0.012,0.0108,,,,,,,,,,,,,,
21:59,0.0171,0.0219,0.012,0.0108,,,,,,,,,,,,,,
22:00,0.0169,0.0218,0.012,0.0107,,,,,,,,,,,,,,
22:01,0.0169,0.0218,0.012,0.0107,,,,,,,,,,,,,,
22:02,0.0169,0.0218,0.012,0.0107,,,,,,,,,,,,,,
22:03,0.0169,0.0218,0.012,0.0107,,,,,,,,,,,,,,
22:04,0.0169,0.0218,0.012,0.0107,,,,,,,,,,,,,,
22:05,0.0169,0.0218,0.012,0.0107,,,,,,,,,,,,,,
22:06,0.0167,0.0216,0.0119,0.0106,,,,,,,,,,,,,,
22:07,0.0167,0.0216,0.0119,0.0106,,,,,,,,,,,,,,
22:08,0.0167,0.0216,0.0119,0.0106,,,,,,,,,,,,,,
22:09,0.0167,0.0216,0.0119,0.0106,,,,,,,,,,,,,,
22:10,0.0167,0.0216,0.0119,0.0106,,,,,,,,,,,,,,
22:11,0.0167,0.0216,0.0119,0.0106,,,,,,,,,,,,,,
22:12,0.0165,0.0214,0.0119,0.0104,,,,,,,,,,,,,,
22:13,0.0165,0.0214,0.0119,0.0104,,,,,,,,,,,,,,
22:14,0.0165,0.0214,0.0119,0.0104,,,,,,,,,,,,,,
22:15,0.0165,0.0214,0.0119,0.0104,,,,,,,,,,,,,,
22:16,0.0165,0.0214,0.0119,0.0104,,,,,,,,,,,,,,
22:17,0.0165,0.0214,0.0119,0.0104,,,,,,,,,,,,,,
22:18,0.0163,0.0213,0.0118,0.0104,,,,,,,,,,,,,,
22:19,0.0163,0.0213,0.0118,0.0104,,,,,,,,,,,,,,
22:20,0.0163,0.0213,0.0118,0.0104,,,,,,,,,,,,,,
22:21,0.0163,0.0213,0.0118,0.0104,,,,,,,,,,,,,,
22:22,0.0163,0.0213,0.0118,0.0104,,,,,,,,,,,,,,
22:23,0.0163,0.0213,0.0118,0.0104,,,,,,,,,,,,,,
22:24,0.0161,0.0212,0.0118,0.0102,,,,,,,,,,,,,,
22:25,0.0161,0.0212,0.0118,0.0102,,,,,,,,,,,,,,
22:26,0.0161,0.0212,0.0118,0.0102,,,,,,,,,,,,,,
22:27,0.0161,0.0212,0.0118,0.0102,,,,,,,,,,,,,,
22:28,0.0161,0.0212,0.0118,0.0102,,,,,,,,,,,,,,
22:29,0.0161,0.0212,0.0118,0.0102,,,,,,,,,,,,,,
22:30,0.0159,0.021,0.0117,0.0102,,,,,,,,,,,,,,
22:31,0.0159,0.021,0.0117,0.0102,,,,,,,,,,,,,,
22:32,0.0159,0.021,0.0117,0.0102,,,,,,,,,,,,,,
22:33,0.0159,0.021,0.0117,0.0102,,,,,,,,,,,,,,
22:34,0.0159,0.021,0.0117,0.0102,,,,,,,,,,,,,,
22:35,0.0159,0.021,0.0117,0.0102,,,,,,,,,,,,,,
22:36,0.0157,0.0209,0.0117,0.01,,,,,,,,,,,,,,
22:37,0.0157,0.0209,0.0117,0.01,,,,,,,,,,,,,,
22:38,0.0157,0.0209,0.0117,0.01,,,,,,,,,,,,,,
22:39,0.0157,0.0209,0.0117,0.01,,,,,,,,,,,,,,
22:40,0.0157,0.0209,0.0117,0.01,,,,,,,,,,,,,,
22:41,0.0157,0.0209,0.0117,0.01,,,,,,,,,,,,,,
22:42,0.0155,0.0207,0.0116,0.0099,,,,,,,,,,,,,,
22:43,0.0155,0.0207,0.0116,0.0099,,,,,,,,,,,,,,
22:44,0.0155,0.0207,0.0116,0.0099,,,,,,,,,,,,,,
22:45,0.0155,0.0207,0.0116,0.0099,,,,,,,,,,,,,,
22:46,0.0155,0.0207,0.0116,0.0099,,,,,,,,,,,,,,
22:47,0.0155,0.0207,0.0116,0.0099,,,,,,,,,,,,,,
22:48,0.0153,0.0205,0.0116,0.0098,,,,,,,,,,,,,,
22:49,0.0153,0.0205,0.0116,0.0098,,,,,,,,,,,,,,
22:50,0.0153,0.0205,0.0116,0.0098,,,,,,,,,,,,,,
22:51,0.0153,0.0205,0.0116,0.0098,,,,,,,,,,,,,,
22:52,0.0153,0.0205,0.0116,0.0098,,,,,,,,,,,,,,
22:53,0.0153,0.0205,0.0116,0.0098,,,,,,,,,,,,,,
22:54,0.0151,0.0204,0.0115,0.0097,,,,,,,,,,,,,,
22:55,0.0151,0.0204,0.0115,0.0097,,,,,,,,,,,,,,
22:56,0.0151,0.0204,0.0115,0.0097,,,,,,,,,,,,,,
22:57,0.0151,0.0204,0.0115,0.0097,,,,,,,,,,,,,,
22:58,0.0151,0.0204,0.0115,0.0097,,,,,,,,,,,,,,
22:59,0.0151,0.0204,0.0115,0.0097,,,,,,,,,,,,,,
23:00,0.0149,0.0202,0.0115,0.0095,,,,,,,,,,,,,,
23:01,0.0149,0.0202,0.0115,0.0095,,,,,,,,,,,,,,
23:02,0.0149,0.0202,0.0115,0.0095,,,,,,,,,,,,,,
23:03,0.0149,0.0202,0.0115,0.0095,,,,,,,,,,,,,,
23:04,0.0149,0.0202,0.0115,0.0095,,,,,,,,,,,,,,
23:05,0.0149,0.0202,0.0115,0.0095,,,,,,,,,,,,,,
23:06,0.0147,0.0201,0.0114,0.0095,,,,,,,,,,,,,,
23:07,0.0147,0.0201,0.0114,0.0095,,,,,,,,,,,,,,
23:08,0.0147,0.0201,0.0114,0.0095,,,,,,,,,,,,,,
23:09,0.0147,0.0201,0.0114,0.0095,,,,,,,,,,,,,,
23:10,0.0147,0.0201,0.0114,0.0095,,,,,,,,,,,,,,
23:11,0.0147,0.0201,0.0114,0.0095,,,,,,,,,,,,,,
23:12,0.0145,0.02,0.0114,0.0093,,,,,,,,,,,,,,
23:13,0.0145,0.02,0.0114,0.0093,,,,,,,,,,,,,,
23:14,0.0145,0.02,0.0114,0.0093,,,,,,,,,,,,,,
23:15,0.0145,0.02,0.0114,0.0093,,,,,,,,,,,,,,
23:16,0.0145,0.02,0.0114,0.0093,,,,,,,,,,,,,,
23:17,0.0145,0.02,0.0114,0.0093,,,,,,,,,,,,,,
23:18,0.0143,0.0198,0.0113,0.0093,,,,,,,,,,,,,,
23:19,0.0143,0.0198,0.0113,0.0093,,,,,,,,,,,,,,
23:20,0.0143,0.0198,0.0113,0.0093,,,,,,,,,,,,,,
23:21,0.0143,0.0198,0.0113,0.0093,,,,,,,,,,,,,,
23:22,0.0143,0.0198,0.0113,0.0093,,,,,,,,,,,,,,
23:23,0.0143,0.0198,0.0113,0.0093,,,,,,,,,,,,,,
23:24,0.0141,0.0196,0.0113,0.0091,,,,,,,,,,,,,,
23:25,0.0141,0.0196,0.0113,0.0091,,,,,,,,,,,,,,
23:26,0.0141,0.0196,0.0113,0.0091,,,,,,,,,,,,,,
23:27,0.0141,0.0196,0.0113,0.0091,,,,,,,,,,,,,,
23:28,0.0141,0.0196,0.0113,0.0091,,,,,,,,,,,,,,
23:29,0.0141,0.0196,0.0113,0.0091,,,,,,,,,,,,,,
23:30,0.0139,0.0195,0.0112,0.009,,,,,,,,,,,,,,
23:31,0.0139,0.0195,0.0112,0.009,,,,,,,,,,,,,,
23:32,0.0139,0.0195,0.0112,0.009,,,,,,,,,,,,,,
23:33,0.0139,0.0195,0.0112,0.009,,,,,,,,,,,,,,
23:34,0.0139,0.0195,0.0112,0.009,,,,,,,,,,,,,,
23:35,0.0139,0.0195,0.0112,0.009,,,,,,,,,,,,,,
23:36,0.0137,0.0193,0.0112,0.0089,,,,,,,,,,,,,,
23:37,0.0137,0.0193,0.0112,0.0089,,,,,,,,,,,,,,
23:38,0.0137,0.0193,0.0112,0.0089,,,,,,,,,,,,,,
23:39,0.0137,0.0193,0.0112,0.0089,,,,,,,,,,,,,,
23:40,0.0137,0.0193,0.0112,0.0089,,,,,,,,,,,,,,
23:41,0.0137,0.0193,0.0112,0.0089,,,,,,,,,,,,,,
23:42,0.0135,0.0192,0.0111,0.0088,,,,,,,,,,,,,,
23:43,0.0135,0.0192,0.0111,0.0088,,,,,,,,,,,,,,
23:44,0.0135,0.0192,0.0111,0.0088,,,,,,,,,,,,,,
23:45,0.0135,0.0192,0.0111,0.0088,,,,,,,,,,,,,,
23:46,0.0135,0.0192,0.0111,0.0088,,,,,,,,,,,,,,
23:47,0.0135,0.0192,0.0111,0.0088,,,,,,,,,,,,,,
23:48,0.0133,0.019,0.0111,0.0086,,,,,,,,,,,,,,
23:49,0.0133,0.019,0.0111,0.0086,,,,,,,,,,,,,,
23:50,0.0133,0.019,0.0111,0.0086,,,,,,,,,,,,,,
23:51,0.0133,0.019,0.0111,0.0086,,,,,,,,,,,,,,
23:52,0.0133,0.019,0.0111,0.0086,,,,,,,,,,,,,,
23:53,0.0133,0.019,0.0111,0.0086,,,,,,,,,,,,,,
23:54,0.0131,0.0189,0.011,0.0086,,,,,,,,,,,,,,
23:55,0.0131,0.0189,0.011,0.0086,,,,,,,,,,,,,,
23:56,0.0131,0.0189,0.011,0.0086,,,,,,,,,,,,,,
23:57,0.0131,0.0189,0.011,0.0086,,,,,,,,,,,,,,
23:58,0.0131,0.0189,0.011,0.0086,,,,,,,,,,,,,,
23:59,0.0131,0.0189,0.011,0.0086,,,,,,,,,,,,,,
24:00:00,0,0,0,0,,,,,,,,,,,,,,
