Minutes - 24HR,Huff Type I - 24HR,Huff Type II - 24HR,Huff Type III - 24HR,Huff Type IV - 24HR,,,,,,,,,,,,,,
0:00,0.0836,0.0229,0.0205,0:33,,,,,,,,,,,,,,
0:01,0.0836,0.0229,0.0205,0:33,,,,,,,,,,,,,,
0:02,0.0836,0.0229,0.0205,0:33,,,,,,,,,,,,,,
0:03,0.0836,0.0229,0.0205,0:33,,,,,,,,,,,,,,
0:04,0.0836,0.0229,0.0205,0:33,,,,,,,,,,,,,,
0:05,0.0836,0.0229,0.0205,0:33,,,,,,,,,,,,,,
0:06,0.0836,0.0229,0.0205,0:33,,,,,,,,,,,,,,
0:07,0.0836,0.0229,0.0205,0:33,,,,,,,,,,,,,,
0:08,0.0836,0.0229,0.0205,0:33,,,,,,,,,,,,,,
0:09,0.0836,0.0229,0.0205,0:33,,,,,,,,,,,,,,
0:10,0.0836,0.0229,0.0205,0:33,,,,,,,,,,,,,,
0:11,0.0836,0.0229,0.0205,0:33,,,,,,,,,,,,,,
0:12,0.0836,0.0229,0.0205,0:33,,,,,,,,,,,,,,
0:13,0.0836,0.0229,0.0205,0:33,,,,,,,,,,,,,,
0:14,0.0836,0.0229,0.0205,0:33,,,,,,,,,,,,,,
0:15,0.0836,0.0229,0.0205,0:33,,,,,,,,,,,,,,
0:16,0.0836,0.0229,0.0205,0:33,,,,,,,,,,,,,,
0:17,0.0836,0.0229,0.0205,0:33,,,,,,,,,,,,,,
0:18,0.0836,0.0229,0.0205,0:33,,,,,,,,,,,,,,
0:19,0.0836,0.0229,0.0205,0:33,,,,,,,,,,,,,,
0:20,0.0836,0.0229,0.0205,0:33,,,,,,,,,,,,,,
0:21,0.0836,0.0229,0.0205,0:33,,,,,,,,,,,,,,
0:22,0.0836,0.0229,0.0205,0:33,,,,,,,,,,,,,,
0:23,0.0836,0.0229,0.0205,0:33,,,,,,,,,,,,,,
0:24,0.0836,0.0229,0.0205,0:33,,,,,,,,,,,,,,
0:25,0.0836,0.0229,0.0205,0:33,,,,,,,,,,,,,,
0:26,0.0836,0.0229,0.0205,0:33,,,,,,,,,,,,,,
0:27,0.0836,0.0229,0.0205,0:33,,,,,,,,,,,,,,
0:28,0.0836,0.0229,0.0205,0:33,,,,,,,,,,,,,,
0:29,0.0836,0.0229,0.0205,0:33,,,,,,,,,,,,,,
0:30,0.0836,0.0229,0.0205,0:33,,,,,,,,,,,,,,
0:31,0.0836,0.0229,0.0205,0:33,,,,,,,,,,,,,,
0:32,0.0836,0.0229,0.0205,0:33,,,,,,,,,,,,,,
0:33,0.0836,0.0229,0.0205,0:33,,,,,,,,,,,,,,
0:34,0.0836,0.0229,0.0205,0:33,,,,,,,,,,,,,,
0:35,0.0836,0.0229,0.0205,0:33,,,,,,,,,,,,,,
0:36,0.0836,0.0229,0.0205,0:33,,,,,,,,,,,,,,
0:37,0.0836,0.0229,0.0205,0:33,,,,,,,,,,,,,,
0:38,0.0836,0.0229,0.0205,0:33,,,,,,,,,,,,,,
0:39,0.0836,0.0229,0.0205,0:33,,,,,,,,,,,,,,
0:40,0.0836,0.0229,0.0205,0:33,,,,,,,,,,,,,,
0:41,0.0836,0.0229,0.0205,0:33,,,,,,,,,,,,,,
0:42,0.0836,0.0229,0.0205,0:33,,,,,,,,,,,,,,
0:43,0.0836,0.0229,0.0205,0:33,,,,,,,,,,,,,,
0:44,0.0836,0.0229,0.0205,0:33,,,,,,,,,,,,,,
0:45,0.0836,0.0229,0.0205,0:33,,,,,,,,,,,,,,
0:46,0.0836,0.0229,0.0205,0:33,,,,,,,,,,,,,,
0:47,0.0836,0.0229,0.0205,0:33,,,,,,,,,,,,,,
0:48,0.0836,0.0229,0.0205,0:33,,,,,,,,,,,,,,
0:49,0.0836,0.0229,0.0205,0:33,,,,,,,,,,,,,,
0:50,0.0836,0.0229,0.0205,0:33,,,,,,,,,,,,,,
0:51,0.0836,0.0229,0.0205,0:33,,,,,,,,,,,,,,
0:52,0.0836,0.0229,0.0205,0:33,,,,,,,,,,,,,,
0:53,0.0836,0.0229,0.0205,0:33,,,,,,,,,,,,,,
0:54,0.0836,0.0229,0.0205,0:33,,,,,,,,,,,,,,
0:55,0.0836,0.0229,0.0205,0:33,,,,,,,,,,,,,,
0:56,0.0836,0.0229,0.0205,0:33,,,,,,,,,,,,,,
0:57,0.0836,0.0229,0.0205,0:33,,,,,,,,,,,,,,
0:58,0.0836,0.0229,0.0205,0:33,,,,,,,,,,,,,,
0:59,0.0836,0.0229,0.0205,0:33,,,,,,,,,,,,,,
1:00,0.0937,0.0253,0.0226,0:35,,,,,,,,,,,,,,
1:01,0.0937,0.0253,0.0226,0:35,,,,,,,,,,,,,,
1:02,0.0937,0.0253,0.0226,0:35,,,,,,,,,,,,,,
1:03,0.0937,0.0253,0.0226,0:35,,,,,,,,,,,,,,
1:04,0.0937,0.0253,0.0226,0:35,,,,,,,,,,,,,,
1:05,0.0937,0.0253,0.0226,0:35,,,,,,,,,,,,,,
1:06,0.0937,0.0253,0.0226,0:35,,,,,,,,,,,,,,
1:07,0.0937,0.0253,0.0226,0:35,,,,,,,,,,,,,,
1:08,0.0937,0.0253,0.0226,0:35,,,,,,,,,,,,,,
1:09,0.0937,0.0253,0.0226,0:35,,,,,,,,,,,,,,
1:10,0.0937,0.0253,0.0226,0:35,,,,,,,,,,,,,,
1:11,0.0937,0.0253,0.0226,0:35,,,,,,,,,,,,,,
1:12,0.0937,0.0253,0.0226,0:35,,,,,,,,,,,,,,
1:13,0.0937,0.0253,0.0226,0:35,,,,,,,,,,,,,,
1:14,0.0937,0.0253,0.0226,0:35,,,,,,,,,,,,,,
1:15,0.0937,0.0253,0.0226,0:35,,,,,,,,,,,,,,
1:16,0.0937,0.0253,0.0226,0:35,,,,,,,,,,,,,,
1:17,0.0937,0.0253,0.0226,0:35,,,,,,,,,,,,,,
1:18,0.0937,0.0253,0.0226,0:35,,,,,,,,,,,,,,
1:19,0.0937,0.0253,0.0226,0:35,,,,,,,,,,,,,,
1:20,0.0937,0.0253,0.0226,0:35,,,,,,,,,,,,,,
1:21,0.0937,0.0253,0.0226,0:35,,,,,,,,,,,,,,
1:22,0.0937,0.0253,0.0226,0:35,,,,,,,,,,,,,,
1:23,0.0937,0.0253,0.0226,0:35,,,,,,,,,,,,,,
1:24,0.0937,0.0253,0.0226,0:35,,,,,,,,,,,,,,
1:25,0.0937,0.0253,0.0226,0:35,,,,,,,,,,,,,,
1:26,0.0937,0.0253,0.0226,0:35,,,,,,,,,,,,,,
1:27,0.0937,0.0253,0.0226,0:35,,,,,,,,,,,,,,
1:28,0.0937,0.0253,0.0226,0:35,,,,,,,,,,,,,,
1:29,0.0937,0.0253,0.0226,0:35,,,,,,,,,,,,,,
1:30,0.0937,0.0253,0.0226,0:35,,,,,,,,,,,,,,
1:31,0.0937,0.0253,0.0226,0:35,,,,,,,,,,,,,,
1:32,0.0937,0.0253,0.0226,0:35,,,,,,,,,,,,,,
1:33,0.0937,0.0253,0.0226,0:35,,,,,,,,,,,,,,
1:34,0.0937,0.0253,0.0226,0:35,,,,,,,,,,,,,,
1:35,0.0937,0.0253,0.0226,0:35,,,,,,,,,,,,,,
1:36,0.0937,0.0253,0.0226,0:35,,,,,,,,,,,,,,
1:37,0.0937,0.0253,0.0226,0:35,,,,,,,,,,,,,,
1:38,0.0937,0.0253,0.0226,0:35,,,,,,,,,,,,,,
1:39,0.0937,0.0253,0.0226,0:35,,,,,,,,,,,,,,
1:40,0.0937,0.0253,0.0226,0:35,,,,,,,,,,,,,,
1:41,0.0937,0.0253,0.0226,0:35,,,,,,,,,,,,,,
1:42,0.0937,0.0253,0.0226,0:35,,,,,,,,,,,,,,
1:43,0.0937,0.0253,0.0226,0:35,,,,,,,,,,,,,,
1:44,0.0937,0.0253,0.0226,0:35,,,,,,,,,,,,,,
1:45,0.0937,0.0253,0.0226,0:35,,,,,,,,,,,,,,
1:46,0.0937,0.0253,0.0226,0:35,,,,,,,,,,,,,,
1:47,0.0937,0.0253,0.0226,0:35,,,,,,,,,,,,,,
1:48,0.0937,0.0253,0.0226,0:35,,,,,,,,,,,,,,
1:49,0.0937,0.0253,0.0226,0:35,,,,,,,,,,,,,,
1:50,0.0937,0.0253,0.0226,0:35,,,,,,,,,,,,,,
1:51,0.0937,0.0253,0.0226,0:35,,,,,,,,,,,,,,
1:52,0.0937,0.0253,0.0226,0:35,,,,,,,,,,,,,,
1:53,0.0937,0.0253,0.0226,0:35,,,,,,,,,,,,,,
1:54,0.0937,0.0253,0.0226,0:35,,,,,,,,,,,,,,
1:55,0.0937,0.0253,0.0226,0:35,,,,,,,,,,,,,,
1:56,0.0937,0.0253,0.0226,0:35,,,,,,,,,,,,,,
1:57,0.0937,0.0253,0.0226,0:35,,,,,,,,,,,,,,
1:58,0.0937,0.0253,0.0226,0:35,,,,,,,,,,,,,,
1:59,0.0937,0.0253,0.0226,0:35,,,,,,,,,,,,,,
2:00,0.1038,0.0296,0.0236,0:33,,,,,,,,,,,,,,
2:01,0.1038,0.0296,0.0236,0:33,,,,,,,,,,,,,,
2:02,0.1038,0.0296,0.0236,0:33,,,,,,,,,,,,,,
2:03,0.1038,0.0296,0.0236,0:33,,,,,,,,,,,,,,
2:04,0.1038,0.0296,0.0236,0:33,,,,,,,,,,,,,,
2:05,0.1038,0.0296,0.0236,0:33,,,,,,,,,,,,,,
2:06,0.1038,0.0296,0.0236,0:33,,,,,,,,,,,,,,
2:07,0.1038,0.0296,0.0236,0:33,,,,,,,,,,,,,,
2:08,0.1038,0.0296,0.0236,0:33,,,,,,,,,,,,,,
2:09,0.1038,0.0296,0.0236,0:33,,,,,,,,,,,,,,
2:10,0.1038,0.0296,0.0236,0:33,,,,,,,,,,,,,,
2:11,0.1038,0.0296,0.0236,0:33,,,,,,,,,,,,,,
2:12,0.1038,0.0296,0.0236,0:33,,,,,,,,,,,,,,
2:13,0.1038,0.0296,0.0236,0:33,,,,,,,,,,,,,,
2:14,0.1038,0.0296,0.0236,0:33,,,,,,,,,,,,,,
2:15,0.1038,0.0296,0.0236,0:33,,,,,,,,,,,,,,
2:16,0.1038,0.0296,0.0236,0:33,,,,,,,,,,,,,,
2:17,0.1038,0.0296,0.0236,0:33,,,,,,,,,,,,,,
2:18,0.1038,0.0296,0.0236,0:33,,,,,,,,,,,,,,
2:19,0.1038,0.0296,0.0236,0:33,,,,,,,,,,,,,,
2:20,0.1038,0.0296,0.0236,0:33,,,,,,,,,,,,,,
2:21,0.1038,0.0296,0.0236,0:33,,,,,,,,,,,,,,
2:22,0.1038,0.0296,0.0236,0:33,,,,,,,,,,,,,,
2:23,0.1038,0.0296,0.0236,0:33,,,,,,,,,,,,,,
2:24,0.1038,0.0296,0.0236,0:33,,,,,,,,,,,,,,
2:25,0.1038,0.0296,0.0236,0:33,,,,,,,,,,,,,,
2:26,0.1038,0.0296,0.0236,0:33,,,,,,,,,,,,,,
2:27,0.1038,0.0296,0.0236,0:33,,,,,,,,,,,,,,
2:28,0.1038,0.0296,0.0236,0:33,,,,,,,,,,,,,,
2:29,0.1038,0.0296,0.0236,0:33,,,,,,,,,,,,,,
2:30,0.1038,0.0296,0.0236,0:33,,,,,,,,,,,,,,
2:31,0.1038,0.0296,0.0236,0:33,,,,,,,,,,,,,,
2:32,0.1038,0.0296,0.0236,0:33,,,,,,,,,,,,,,
2:33,0.1038,0.0296,0.0236,0:33,,,,,,,,,,,,,,
2:34,0.1038,0.0296,0.0236,0:33,,,,,,,,,,,,,,
2:35,0.1038,0.0296,0.0236,0:33,,,,,,,,,,,,,,
2:36,0.1038,0.0296,0.0236,0:33,,,,,,,,,,,,,,
2:37,0.1038,0.0296,0.0236,0:33,,,,,,,,,,,,,,
2:38,0.1038,0.0296,0.0236,0:33,,,,,,,,,,,,,,
2:39,0.1038,0.0296,0.0236,0:33,,,,,,,,,,,,,,
2:40,0.1038,0.0296,0.0236,0:33,,,,,,,,,,,,,,
2:41,0.1038,0.0296,0.0236,0:33,,,,,,,,,,,,,,
2:42,0.1038,0.0296,0.0236,0:33,,,,,,,,,,,,,,
2:43,0.1038,0.0296,0.0236,0:33,,,,,,,,,,,,,,
2:44,0.1038,0.0296,0.0236,0:33,,,,,,,,,,,,,,
2:45,0.1038,0.0296,0.0236,0:33,,,,,,,,,,,,,,
2:46,0.1038,0.0296,0.0236,0:33,,,,,,,,,,,,,,
2:47,0.1038,0.0296,0.0236,0:33,,,,,,,,,,,,,,
2:48,0.1038,0.0296,0.0236,0:33,,,,,,,,,,,,,,
2:49,0.1038,0.0296,0.0236,0:33,,,,,,,,,,,,,,
2:50,0.1038,0.0296,0.0236,0:33,,,,,,,,,,,,,,
2:51,0.1038,0.0296,0.0236,0:33,,,,,,,,,,,,,,
2:52,0.1038,0.0296,0.0236,0:33,,,,,,,,,,,,,,
2:53,0.1038,0.0296,0.0236,0:33,,,,,,,,,,,,,,
2:54,0.1038,0.0296,0.0236,0:33,,,,,,,,,,,,,,
2:55,0.1038,0.0296,0.0236,0:33,,,,,,,,,,,,,,
2:56,0.1038,0.0296,0.0236,0:33,,,,,,,,,,,,,,
2:57,0.1038,0.0296,0.0236,0:33,,,,,,,,,,,,,,
2:58,0.1038,0.0296,0.0236,0:33,,,,,,,,,,,,,,
2:59,0.1038,0.0296,0.0236,0:33,,,,,,,,,,,,,,
3:00,0.1022,0.0355,0.0245,0:38,,,,,,,,,,,,,,
3:01,0.1022,0.0355,0.0245,0:38,,,,,,,,,,,,,,
3:02,0.1022,0.0355,0.0245,0:38,,,,,,,,,,,,,,
3:03,0.1022,0.0355,0.0245,0:38,,,,,,,,,,,,,,
3:04,0.1022,0.0355,0.0245,0:38,,,,,,,,,,,,,,
3:05,0.1022,0.0355,0.0245,0:38,,,,,,,,,,,,,,
3:06,0.1022,0.0355,0.0245,0:38,,,,,,,,,,,,,,
3:07,0.1022,0.0355,0.0245,0:38,,,,,,,,,,,,,,
3:08,0.1022,0.0355,0.0245,0:38,,,,,,,,,,,,,,
3:09,0.1022,0.0355,0.0245,0:38,,,,,,,,,,,,,,
3:10,0.1022,0.0355,0.0245,0:38,,,,,,,,,,,,,,
3:11,0.1022,0.0355,0.0245,0:38,,,,,,,,,,,,,,
3:12,0.1022,0.0355,0.0245,0:38,,,,,,,,,,,,,,
3:13,0.1022,0.0355,0.0245,0:38,,,,,,,,,,,,,,
3:14,0.1022,0.0355,0.0245,0:38,,,,,,,,,,,,,,
3:15,0.1022,0.0355,0.0245,0:38,,,,,,,,,,,,,,
3:16,0.1022,0.0355,0.0245,0:38,,,,,,,,,,,,,,
3:17,0.1022,0.0355,0.0245,0:38,,,,,,,,,,,,,,
3:18,0.1022,0.0355,0.0245,0:38,,,,,,,,,,,,,,
3:19,0.1022,0.0355,0.0245,0:38,,,,,,,,,,,,,,
3:20,0.1022,0.0355,0.0245,0:38,,,,,,,,,,,,,,
3:21,0.1022,0.0355,0.0245,0:38,,,,,,,,,,,,,,
3:22,0.1022,0.0355,0.0245,0:38,,,,,,,,,,,,,,
3:23,0.1022,0.0355,0.0245,0:38,,,,,,,,,,,,,,
3:24,0.1022,0.0355,0.0245,0:38,,,,,,,,,,,,,,
3:25,0.1022,0.0355,0.0245,0:38,,,,,,,,,,,,,,
3:26,0.1022,0.0355,0.0245,0:38,,,,,,,,,,,,,,
3:27,0.1022,0.0355,0.0245,0:38,,,,,,,,,,,,,,
3:28,0.1022,0.0355,0.0245,0:38,,,,,,,,,,,,,,
3:29,0.1022,0.0355,0.0245,0:38,,,,,,,,,,,,,,
3:30,0.1022,0.0355,0.0245,0:38,,,,,,,,,,,,,,
3:31,0.1022,0.0355,0.0245,0:38,,,,,,,,,,,,,,
3:32,0.1022,0.0355,0.0245,0:38,,,,,,,,,,,,,,
3:33,0.1022,0.0355,0.0245,0:38,,,,,,,,,,,,,,
3:34,0.1022,0.0355,0.0245,0:38,,,,,,,,,,,,,,
3:35,0.1022,0.0355,0.0245,0:38,,,,,,,,,,,,,,
3:36,0.1022,0.0355,0.0245,0:38,,,,,,,,,,,,,,
3:37,0.1022,0.0355,0.0245,0:38,,,,,,,,,,,,,,
3:38,0.1022,0.0355,0.0245,0:38,,,,,,,,,,,,,,
3:39,0.1022,0.0355,0.0245,0:38,,,,,,,,,,,,,,
3:40,0.1022,0.0355,0.0245,0:38,,,,,,,,,,,,,,
3:41,0.1022,0.0355,0.0245,0:38,,,,,,,,,,,,,,
3:42,0.1022,0.0355,0.0245,0:38,,,,,,,,,,,,,,
3:43,0.1022,0.0355,0.0245,0:38,,,,,,,,,,,,,,
3:44,0.1022,0.0355,0.0245,0:38,,,,,,,,,,,,,,
3:45,0.1022,0.0355,0.0245,0:38,,,,,,,,,,,,,,
3:46,0.1022,0.0355,0.0245,0:38,,,,,,,,,,,,,,
3:47,0.1022,0.0355,0.0245,0:38,,,,,,,,,,,,,,
3:48,0.1022,0.0355,0.0245,0:38,,,,,,,,,,,,,,
3:49,0.1022,0.0355,0.0245,0:38,,,,,,,,,,,,,,
3:50,0.1022,0.0355,0.0245,0:38,,,,,,,,,,,,,,
3:51,0.1022,0.0355,0.0245,0:38,,,,,,,,,,,,,,
3:52,0.1022,0.0355,0.0245,0:38,,,,,,,,,,,,,,
3:53,0.1022,0.0355,0.0245,0:38,,,,,,,,,,,,,,
3:54,0.1022,0.0355,0.0245,0:38,,,,,,,,,,,,,,
3:55,0.1022,0.0355,0.0245,0:38,,,,,,,,,,,,,,
3:56,0.1022,0.0355,0.0245,0:38,,,,,,,,,,,,,,
3:57,0.1022,0.0355,0.0245,0:38,,,,,,,,,,,,,,
3:58,0.1022,0.0355,0.0245,0:38,,,,,,,,,,,,,,
3:59,0.1022,0.0355,0.0245,0:38,,,,,,,,,,,,,,
4:00,0.0912,0.0446,0.0259,0:39,,,,,,,,,,,,,,
4:01,0.0912,0.0446,0.0259,0:39,,,,,,,,,,,,,,
4:02,0.0912,0.0446,0.0259,0:39,,,,,,,,,,,,,,
4:03,0.0912,0.0446,0.0259,0:39,,,,,,,,,,,,,,
4:04,0.0912,0.0446,0.0259,0:39,,,,,,,,,,,,,,
4:05,0.0912,0.0446,0.0259,0:39,,,,,,,,,,,,,,
4:06,0.0912,0.0446,0.0259,0:39,,,,,,,,,,,,,,
4:07,0.0912,0.0446,0.0259,0:39,,,,,,,,,,,,,,
4:08,0.0912,0.0446,0.0259,0:39,,,,,,,,,,,,,,
4:09,0.0912,0.0446,0.0259,0:39,,,,,,,,,,,,,,
4:10,0.0912,0.0446,0.0259,0:39,,,,,,,,,,,,,,
4:11,0.0912,0.0446,0.0259,0:39,,,,,,,,,,,,,,
4:12,0.0912,0.0446,0.0259,0:39,,,,,,,,,,,,,,
4:13,0.0912,0.0446,0.0259,0:39,,,,,,,,,,,,,,
4:14,0.0912,0.0446,0.0259,0:39,,,,,,,,,,,,,,
4:15,0.0912,0.0446,0.0259,0:39,,,,,,,,,,,,,,
4:16,0.0912,0.0446,0.0259,0:39,,,,,,,,,,,,,,
4:17,0.0912,0.0446,0.0259,0:39,,,,,,,,,,,,,,
4:18,0.0912,0.0446,0.0259,0:39,,,,,,,,,,,,,,
4:19,0.0912,0.0446,0.0259,0:39,,,,,,,,,,,,,,
4:20,0.0912,0.0446,0.0259,0:39,,,,,,,,,,,,,,
4:21,0.0912,0.0446,0.0259,0:39,,,,,,,,,,,,,,
4:22,0.0912,0.0446,0.0259,0:39,,,,,,,,,,,,,,
4:23,0.0912,0.0446,0.0259,0:39,,,,,,,,,,,,,,
4:24,0.0912,0.0446,0.0259,0:39,,,,,,,,,,,,,,
4:25,0.0912,0.0446,0.0259,0:39,,,,,,,,,,,,,,
4:26,0.0912,0.0446,0.0259,0:39,,,,,,,,,,,,,,
4:27,0.0912,0.0446,0.0259,0:39,,,,,,,,,,,,,,
4:28,0.0912,0.0446,0.0259,0:39,,,,,,,,,,,,,,
4:29,0.0912,0.0446,0.0259,0:39,,,,,,,,,,,,,,
4:30,0.0912,0.0446,0.0259,0:39,,,,,,,,,,,,,,
4:31,0.0912,0.0446,0.0259,0:39,,,,,,,,,,,,,,
4:32,0.0912,0.0446,0.0259,0:39,,,,,,,,,,,,,,
4:33,0.0912,0.0446,0.0259,0:39,,,,,,,,,,,,,,
4:34,0.0912,0.0446,0.0259,0:39,,,,,,,,,,,,,,
4:35,0.0912,0.0446,0.0259,0:39,,,,,,,,,,,,,,
4:36,0.0912,0.0446,0.0259,0:39,,,,,,,,,,,,,,
4:37,0.0912,0.0446,0.0259,0:39,,,,,,,,,,,,,,
4:38,0.0912,0.0446,0.0259,0:39,,,,,,,,,,,,,,
4:39,0.0912,0.0446,0.0259,0:39,,,,,,,,,,,,,,
4:40,0.0912,0.0446,0.0259,0:39,,,,,,,,,,,,,,
4:41,0.0912,0.0446,0.0259,0:39,,,,,,,,,,,,,,
4:42,0.0912,0.0446,0.0259,0:39,,,,,,,,,,,,,,
4:43,0.0912,0.0446,0.0259,0:39,,,,,,,,,,,,,,
4:44,0.0912,0.0446,0.0259,0:39,,,,,,,,,,,,,,
4:45,0.0912,0.0446,0.0259,0:39,,,,,,,,,,,,,,
4:46,0.0912,0.0446,0.0259,0:39,,,,,,,,,,,,,,
4:47,0.0912,0.0446,0.0259,0:39,,,,,,,,,,,,,,
4:48,0.0912,0.0446,0.0259,0:39,,,,,,,,,,,,,,
4:49,0.0912,0.0446,0.0259,0:39,,,,,,,,,,,,,,
4:50,0.0912,0.0446,0.0259,0:39,,,,,,,,,,,,,,
4:51,0.0912,0.0446,0.0259,0:39,,,,,,,,,,,,,,
4:52,0.0912,0.0446,0.0259,0:39,,,,,,,,,,,,,,
4:53,0.0912,0.0446,0.0259,0:39,,,,,,,,,,,,,,
4:54,0.0912,0.0446,0.0259,0:39,,,,,,,,,,,,,,
4:55,0.0912,0.0446,0.0259,0:39,,,,,,,,,,,,,,
4:56,0.0912,0.0446,0.0259,0:39,,,,,,,,,,,,,,
4:57,0.0912,0.0446,0.0259,0:39,,,,,,,,,,,,,,
4:58,0.0912,0.0446,0.0259,0:39,,,,,,,,,,,,,,
4:59,0.0912,0.0446,0.0259,0:39,,,,,,,,,,,,,,
5:00,0.0805,0.056,0.0265,0:38,,,,,,,,,,,,,,
5:01,0.0805,0.056,0.0265,0:38,,,,,,,,,,,,,,
5:02,0.0805,0.056,0.0265,0:38,,,,,,,,,,,,,,
5:03,0.0805,0.056,0.0265,0:38,,,,,,,,,,,,,,
5:04,0.0805,0.056,0.0265,0:38,,,,,,,,,,,,,,
5:05,0.0805,0.056,0.0265,0:38,,,,,,,,,,,,,,
5:06,0.0805,0.056,0.0265,0:38,,,,,,,,,,,,,,
5:07,0.0805,0.056,0.0265,0:38,,,,,,,,,,,,,,
5:08,0.0805,0.056,0.0265,0:38,,,,,,,,,,,,,,
5:09,0.0805,0.056,0.0265,0:38,,,,,,,,,,,,,,
5:10,0.0805,0.056,0.0265,0:38,,,,,,,,,,,,,,
5:11,0.0805,0.056,0.0265,0:38,,,,,,,,,,,,,,
5:12,0.0805,0.056,0.0265,0:38,,,,,,,,,,,,,,
5:13,0.0805,0.056,0.0265,0:38,,,,,,,,,,,,,,
5:14,0.0805,0.056,0.0265,0:38,,,,,,,,,,,,,,
5:15,0.0805,0.056,0.0265,0:38,,,,,,,,,,,,,,
5:16,0.0805,0.056,0.0265,0:38,,,,,,,,,,,,,,
5:17,0.0805,0.056,0.0265,0:38,,,,,,,,,,,,,,
5:18,0.0805,0.056,0.0265,0:38,,,,,,,,,,,,,,
5:19,0.0805,0.056,0.0265,0:38,,,,,,,,,,,,,,
5:20,0.0805,0.056,0.0265,0:38,,,,,,,,,,,,,,
5:21,0.0805,0.056,0.0265,0:38,,,,,,,,,,,,,,
5:22,0.0805,0.056,0.0265,0:38,,,,,,,,,,,,,,
5:23,0.0805,0.056,0.0265,0:38,,,,,,,,,,,,,,
5:24,0.0805,0.056,0.0265,0:38,,,,,,,,,,,,,,
5:25,0.0805,0.056,0.0265,0:38,,,,,,,,,,,,,,
5:26,0.0805,0.056,0.0265,0:38,,,,,,,,,,,,,,
5:27,0.0805,0.056,0.0265,0:38,,,,,,,,,,,,,,
5:28,0.0805,0.056,0.0265,0:38,,,,,,,,,,,,,,
5:29,0.0805,0.056,0.0265,0:38,,,,,,,,,,,,,,
5:30,0.0805,0.056,0.0265,0:38,,,,,,,,,,,,,,
5:31,0.0805,0.056,0.0265,0:38,,,,,,,,,,,,,,
5:32,0.0805,0.056,0.0265,0:38,,,,,,,,,,,,,,
5:33,0.0805,0.056,0.0265,0:38,,,,,,,,,,,,,,
5:34,0.0805,0.056,0.0265,0:38,,,,,,,,,,,,,,
5:35,0.0805,0.056,0.0265,0:38,,,,,,,,,,,,,,
5:36,0.0805,0.056,0.0265,0:38,,,,,,,,,,,,,,
5:37,0.0805,0.056,0.0265,0:38,,,,,,,,,,,,,,
5:38,0.0805,0.056,0.0265,0:38,,,,,,,,,,,,,,
5:39,0.0805,0.056,0.0265,0:38,,,,,,,,,,,,,,
5:40,0.0805,0.056,0.0265,0:38,,,,,,,,,,,,,,
5:41,0.0805,0.056,0.0265,0:38,,,,,,,,,,,,,,
5:42,0.0805,0.056,0.0265,0:38,,,,,,,,,,,,,,
5:43,0.0805,0.056,0.0265,0:38,,,,,,,,,,,,,,
5:44,0.0805,0.056,0.0265,0:38,,,,,,,,,,,,,,
5:45,0.0805,0.056,0.0265,0:38,,,,,,,,,,,,,,
5:46,0.0805,0.056,0.0265,0:38,,,,,,,,,,,,,,
5:47,0.0805,0.056,0.0265,0:38,,,,,,,,,,,,,,
5:48,0.0805,0.056,0.0265,0:38,,,,,,,,,,,,,,
5:49,0.0805,0.056,0.0265,0:38,,,,,,,,,,,,,,
5:50,0.0805,0.056,0.0265,0:38,,,,,,,,,,,,,,
5:51,0.0805,0.056,0.0265,0:38,,,,,,,,,,,,,,
5:52,0.0805,0.056,0.0265,0:38,,,,,,,,,,,,,,
5:53,0.0805,0.056,0.0265,0:38,,,,,,,,,,,,,,
5:54,0.0805,0.056,0.0265,0:38,,,,,,,,,,,,,,
5:55,0.0805,0.056,0.0265,0:38,,,,,,,,,,,,,,
5:56,0.0805,0.056,0.0265,0:38,,,,,,,,,,,,,,
5:57,0.0805,0.056,0.0265,0:38,,,,,,,,,,,,,,
5:58,0.0805,0.056,0.0265,0:38,,,,,,,,,,,,,,
5:59,0.0805,0.056,0.0265,0:38,,,,,,,,,,,,,,
6:00,0.0675,0.0702,0.0255,0:38,,,,,,,,,,,,,,
6:01,0.0675,0.0702,0.0255,0.0268,,,,,,,,,,,,,,
6:02,0.0675,0.0702,0.0255,0.0268,,,,,,,,,,,,,,
6:03,0.0675,0.0702,0.0255,0.0268,,,,,,,,,,,,,,
6:04,0.0675,0.0702,0.0255,0.0268,,,,,,,,,,,,,,
6:05,0.0675,0.0702,0.0255,0.0268,,,,,,,,,,,,,,
6:06,0.0675,0.0702,0.0255,0.0268,,,,,,,,,,,,,,
6:07,0.0675,0.0702,0.0255,0.0268,,,,,,,,,,,,,,
6:08,0.0675,0.0702,0.0255,0.0268,,,,,,,,,,,,,,
6:09,0.0675,0.0702,0.0255,0.0268,,,,,,,,,,,,,,
6:10,0.0675,0.0702,0.0255,0.0268,,,,,,,,,,,,,,
6:11,0.0675,0.0702,0.0255,0.0268,,,,,,,,,,,,,,
6:12,0.0675,0.0702,0.0255,0.0268,,,,,,,,,,,,,,
6:13,0.0675,0.0702,0.0255,0.0268,,,,,,,,,,,,,,
6:14,0.0675,0.0702,0.0255,0.0268,,,,,,,,,,,,,,
6:15,0.0675,0.0702,0.0255,0.0268,,,,,,,,,,,,,,
6:16,0.0675,0.0702,0.0255,0.0268,,,,,,,,,,,,,,
6:17,0.0675,0.0702,0.0255,0.0268,,,,,,,,,,,,,,
6:18,0.0675,0.0702,0.0255,0.0268,,,,,,,,,,,,,,
6:19,0.0675,0.0702,0.0255,0.0268,,,,,,,,,,,,,,
6:20,0.0675,0.0702,0.0255,0.0268,,,,,,,,,,,,,,
6:21,0.0675,0.0702,0.0255,0.0268,,,,,,,,,,,,,,
6:22,0.0675,0.0702,0.0255,0.0268,,,,,,,,,,,,,,
6:23,0.0675,0.0702,0.0255,0.0268,,,,,,,,,,,,,,
6:24,0.0675,0.0702,0.0255,0.0268,,,,,,,,,,,,,,
6:25,0.0675,0.0702,0.0255,0.0268,,,,,,,,,,,,,,
6:26,0.0675,0.0702,0.0255,0.0268,,,,,,,,,,,,,,
6:27,0.0675,0.0702,0.0255,0.0268,,,,,,,,,,,,,,
6:28,0.0675,0.0702,0.0255,0.0268,,,,,,,,,,,,,,
6:29,0.0675,0.0702,0.0255,0.0268,,,,,,,,,,,,,,
6:30,0.0675,0.0702,0.0255,0.0268,,,,,,,,,,,,,,
6:31,0.0675,0.0702,0.0255,0.0268,,,,,,,,,,,,,,
6:32,0.0675,0.0702,0.0255,0.0268,,,,,,,,,,,,,,
6:33,0.0675,0.0702,0.0255,0.0268,,,,,,,,,,,,,,
6:34,0.0675,0.0702,0.0255,0.0268,,,,,,,,,,,,,,
6:35,0.0675,0.0702,0.0255,0.0268,,,,,,,,,,,,,,
6:36,0.0675,0.0702,0.0255,0.0268,,,,,,,,,,,,,,
6:37,0.0675,0.0702,0.0255,0.0268,,,,,,,,,,,,,,
6:38,0.0675,0.0702,0.0255,0.0268,,,,,,,,,,,,,,
6:39,0.0675,0.0702,0.0255,0.0268,,,,,,,,,,,,,,
6:40,0.0675,0.0702,0.0255,0.0268,,,,,,,,,,,,,,
6:41,0.0675,0.0702,0.0255,0.0268,,,,,,,,,,,,,,
6:42,0.0675,0.0702,0.0255,0.0268,,,,,,,,,,,,,,
6:43,0.0675,0.0702,0.0255,0.0268,,,,,,,,,,,,,,
6:44,0.0675,0.0702,0.0255,0.0268,,,,,,,,,,,,,,
6:45,0.0675,0.0702,0.0255,0.0268,,,,,,,,,,,,,,
6:46,0.0675,0.0702,0.0255,0.0268,,,,,,,,,,,,,,
6:47,0.0675,0.0702,0.0255,0.0268,,,,,,,,,,,,,,
6:48,0.0675,0.0702,0.0255,0.0268,,,,,,,,,,,,,,
6:49,0.0675,0.0702,0.0255,0.0268,,,,,,,,,,,,,,
6:50,0.0675,0.0702,0.0255,0.0268,,,,,,,,,,,,,,
6:51,0.0675,0.0702,0.0255,0.0268,,,,,,,,,,,,,,
6:52,0.0675,0.0702,0.0255,0.0268,,,,,,,,,,,,,,
6:53,0.0675,0.0702,0.0255,0.0268,,,,,,,,,,,,,,
6:54,0.0675,0.0702,0.0255,0.0268,,,,,,,,,,,,,,
6:55,0.0675,0.0702,0.0255,0.0268,,,,,,,,,,,,,,
6:56,0.0675,0.0702,0.0255,0.0268,,,,,,,,,,,,,,
6:57,0.0675,0.0702,0.0255,0.0268,,,,,,,,,,,,,,
6:58,0.0675,0.0702,0.0255,0.0268,,,,,,,,,,,,,,
6:59,0.0675,0.0702,0.0255,0.0268,,,,,,,,,,,,,,
7:00,0.0497,0.0803,0.0273,0.0242,,,,,,,,,,,,,,
7:01,0.0497,0.0803,0.0273,0.0242,,,,,,,,,,,,,,
7:02,0.0497,0.0803,0.0273,0.0242,,,,,,,,,,,,,,
7:03,0.0497,0.0803,0.0273,0.0242,,,,,,,,,,,,,,
7:04,0.0497,0.0803,0.0273,0.0242,,,,,,,,,,,,,,
7:05,0.0497,0.0803,0.0273,0.0242,,,,,,,,,,,,,,
7:06,0.0497,0.0803,0.0273,0.0242,,,,,,,,,,,,,,
7:07,0.0497,0.0803,0.0273,0.0242,,,,,,,,,,,,,,
7:08,0.0497,0.0803,0.0273,0.0242,,,,,,,,,,,,,,
7:09,0.0497,0.0803,0.0273,0.0242,,,,,,,,,,,,,,
7:10,0.0497,0.0803,0.0273,0.0242,,,,,,,,,,,,,,
7:11,0.0497,0.0803,0.0273,0.0242,,,,,,,,,,,,,,
7:12,0.0497,0.0803,0.0273,0.0242,,,,,,,,,,,,,,
7:13,0.0497,0.0803,0.0273,0.0242,,,,,,,,,,,,,,
7:14,0.0497,0.0803,0.0273,0.0242,,,,,,,,,,,,,,
7:15,0.0497,0.0803,0.0273,0.0242,,,,,,,,,,,,,,
7:16,0.0497,0.0803,0.0273,0.0242,,,,,,,,,,,,,,
7:17,0.0497,0.0803,0.0273,0.0242,,,,,,,,,,,,,,
7:18,0.0497,0.0803,0.0273,0.0242,,,,,,,,,,,,,,
7:19,0.0497,0.0803,0.0273,0.0242,,,,,,,,,,,,,,
7:20,0.0497,0.0803,0.0273,0.0242,,,,,,,,,,,,,,
7:21,0.0497,0.0803,0.0273,0.0242,,,,,,,,,,,,,,
7:22,0.0497,0.0803,0.0273,0.0242,,,,,,,,,,,,,,
7:23,0.0497,0.0803,0.0273,0.0242,,,,,,,,,,,,,,
7:24,0.0497,0.0803,0.0273,0.0242,,,,,,,,,,,,,,
7:25,0.0497,0.0803,0.0273,0.0242,,,,,,,,,,,,,,
7:26,0.0497,0.0803,0.0273,0.0242,,,,,,,,,,,,,,
7:27,0.0497,0.0803,0.0273,0.0242,,,,,,,,,,,,,,
7:28,0.0497,0.0803,0.0273,0.0242,,,,,,,,,,,,,,
7:29,0.0497,0.0803,0.0273,0.0242,,,,,,,,,,,,,,
7:30,0.0497,0.0803,0.0273,0.0242,,,,,,,,,,,,,,
7:31,0.0497,0.0803,0.0273,0.0242,,,,,,,,,,,,,,
7:32,0.0497,0.0803,0.0273,0.0242,,,,,,,,,,,,,,
7:33,0.0497,0.0803,0.0273,0.0242,,,,,,,,,,,,,,
7:34,0.0497,0.0803,0.0273,0.0242,,,,,,,,,,,,,,
7:35,0.0497,0.0803,0.0273,0.0242,,,,,,,,,,,,,,
7:36,0.0497,0.0803,0.0273,0.0242,,,,,,,,,,,,,,
7:37,0.0497,0.0803,0.0273,0.0242,,,,,,,,,,,,,,
7:38,0.0497,0.0803,0.0273,0.0242,,,,,,,,,,,,,,
7:39,0.0497,0.0803,0.0273,0.0242,,,,,,,,,,,,,,
7:40,0.0497,0.0803,0.0273,0.0242,,,,,,,,,,,,,,
7:41,0.0497,0.0803,0.0273,0.0242,,,,,,,,,,,,,,
7:42,0.0497,0.0803,0.0273,0.0242,,,,,,,,,,,,,,
7:43,0.0497,0.0803,0.0273,0.0242,,,,,,,,,,,,,,
7:44,0.0497,0.0803,0.0273,0.0242,,,,,,,,,,,,,,
7:45,0.0497,0.0803,0.0273,0.0242,,,,,,,,,,,,,,
7:46,0.0497,0.0803,0.0273,0.0242,,,,,,,,,,,,,,
7:47,0.0497,0.0803,0.0273,0.0242,,,,,,,,,,,,,,
7:48,0.0497,0.0803,0.0273,0.0242,,,,,,,,,,,,,,
7:49,0.0497,0.0803,0.0273,0.0242,,,,,,,,,,,,,,
7:50,0.0497,0.0803,0.0273,0.0242,,,,,,,,,,,,,,
7:51,0.0497,0.0803,0.0273,0.0242,,,,,,,,,,,,,,
7:52,0.0497,0.0803,0.0273,0.0242,,,,,,,,,,,,,,
7:53,0.0497,0.0803,0.0273,0.0242,,,,,,,,,,,,,,
7:54,0.0497,0.0803,0.0273,0.0242,,,,,,,,,,,,,,
7:55,0.0497,0.0803,0.0273,0.0242,,,,,,,,,,,,,,
7:56,0.0497,0.0803,0.0273,0.0242,,,,,,,,,,,,,,
7:57,0.0497,0.0803,0.0273,0.0242,,,,,,,,,,,,,,
7:58,0.0497,0.0803,0.0273,0.0242,,,,,,,,,,,,,,
7:59,0.0497,0.0803,0.0273,0.0242,,,,,,,,,,,,,,
8:00,0.036,0.0885,0.0314,0.025,,,,,,,,,,,,,,
8:01,0.036,0.0885,0.0314,0.025,,,,,,,,,,,,,,
8:02,0.036,0.0885,0.0314,0.025,,,,,,,,,,,,,,
8:03,0.036,0.0885,0.0314,0.025,,,,,,,,,,,,,,
8:04,0.036,0.0885,0.0314,0.025,,,,,,,,,,,,,,
8:05,0.036,0.0885,0.0314,0.025,,,,,,,,,,,,,,
8:06,0.036,0.0885,0.0314,0.025,,,,,,,,,,,,,,
8:07,0.036,0.0885,0.0314,0.025,,,,,,,,,,,,,,
8:08,0.036,0.0885,0.0314,0.025,,,,,,,,,,,,,,
8:09,0.036,0.0885,0.0314,0.025,,,,,,,,,,,,,,
8:10,0.036,0.0885,0.0314,0.025,,,,,,,,,,,,,,
8:11,0.036,0.0885,0.0314,0.025,,,,,,,,,,,,,,
8:12,0.036,0.0885,0.0314,0.025,,,,,,,,,,,,,,
8:13,0.036,0.0885,0.0314,0.025,,,,,,,,,,,,,,
8:14,0.036,0.0885,0.0314,0.025,,,,,,,,,,,,,,
8:15,0.036,0.0885,0.0314,0.025,,,,,,,,,,,,,,
8:16,0.036,0.0885,0.0314,0.025,,,,,,,,,,,,,,
8:17,0.036,0.0885,0.0314,0.025,,,,,,,,,,,,,,
8:18,0.036,0.0885,0.0314,0.025,,,,,,,,,,,,,,
8:19,0.036,0.0885,0.0314,0.025,,,,,,,,,,,,,,
8:20,0.036,0.0885,0.0314,0.025,,,,,,,,,,,,,,
8:21,0.036,0.0885,0.0314,0.025,,,,,,,,,,,,,,
8:22,0.036,0.0885,0.0314,0.025,,,,,,,,,,,,,,
8:23,0.036,0.0885,0.0314,0.025,,,,,,,,,,,,,,
8:24,0.036,0.0885,0.0314,0.025,,,,,,,,,,,,,,
8:25,0.036,0.0885,0.0314,0.025,,,,,,,,,,,,,,
8:26,0.036,0.0885,0.0314,0.025,,,,,,,,,,,,,,
8:27,0.036,0.0885,0.0314,0.025,,,,,,,,,,,,,,
8:28,0.036,0.0885,0.0314,0.025,,,,,,,,,,,,,,
8:29,0.036,0.0885,0.0314,0.025,,,,,,,,,,,,,,
8:30,0.036,0.0885,0.0314,0.025,,,,,,,,,,,,,,
8:31,0.036,0.0885,0.0314,0.025,,,,,,,,,,,,,,
8:32,0.036,0.0885,0.0314,0.025,,,,,,,,,,,,,,
8:33,0.036,0.0885,0.0314,0.025,,,,,,,,,,,,,,
8:34,0.036,0.0885,0.0314,0.025,,,,,,,,,,,,,,
8:35,0.036,0.0885,0.0314,0.025,,,,,,,,,,,,,,
8:36,0.036,0.0885,0.0314,0.025,,,,,,,,,,,,,,
8:37,0.036,0.0885,0.0314,0.025,,,,,,,,,,,,,,
8:38,0.036,0.0885,0.0314,0.025,,,,,,,,,,,,,,
8:39,0.036,0.0885,0.0314,0.025,,,,,,,,,,,,,,
8:40,0.036,0.0885,0.0314,0.025,,,,,,,,,,,,,,
8:41,0.036,0.0885,0.0314,0.025,,,,,,,,,,,,,,
8:42,0.036,0.0885,0.0314,0.025,,,,,,,,,,,,,,
8:43,0.036,0.0885,0.0314,0.025,,,,,,,,,,,,,,
8:44,0.036,0.0885,0.0314,0.025,,,,,,,,,,,,,,
8:45,0.036,0.0885,0.0314,0.025,,,,,,,,,,,,,,
8:46,0.036,0.0885,0.0314,0.025,,,,,,,,,,,,,,
8:47,0.036,0.0885,0.0314,0.025,,,,,,,,,,,,,,
8:48,0.036,0.0885,0.0314,0.025,,,,,,,,,,,,,,
8:49,0.036,0.0885,0.0314,0.025,,,,,,,,,,,,,,
8:50,0.036,0.0885,0.0314,0.025,,,,,,,,,,,,,,
8:51,0.036,0.0885,0.0314,0.025,,,,,,,,,,,,,,
8:52,0.036,0.0885,0.0314,0.025,,,,,,,,,,,,,,
8:53,0.036,0.0885,0.0314,0.025,,,,,,,,,,,,,,
8:54,0.036,0.0885,0.0314,0.025,,,,,,,,,,,,,,
8:55,0.036,0.0885,0.0314,0.025,,,,,,,,,,,,,,
8:56,0.036,0.0885,0.0314,0.025,,,,,,,,,,,,,,
8:57,0.036,0.0885,0.0314,0.025,,,,,,,,,,,,,,
8:58,0.036,0.0885,0.0314,0.025,,,,,,,,,,,,,,
8:59,0.036,0.0885,0.0314,0.025,,,,,,,,,,,,,,
9:00,0.0335,0.0906,0.0355,0.0258,,,,,,,,,,,,,,
9:01,0.0335,0.0906,0.0355,0.0258,,,,,,,,,,,,,,
9:02,0.0335,0.0906,0.0355,0.0258,,,,,,,,,,,,,,
9:03,0.0335,0.0906,0.0355,0.0258,,,,,,,,,,,,,,
9:04,0.0335,0.0906,0.0355,0.0258,,,,,,,,,,,,,,
9:05,0.0335,0.0906,0.0355,0.0258,,,,,,,,,,,,,,
9:06,0.0335,0.0906,0.0355,0.0258,,,,,,,,,,,,,,
9:07,0.0335,0.0906,0.0355,0.0258,,,,,,,,,,,,,,
9:08,0.0335,0.0906,0.0355,0.0258,,,,,,,,,,,,,,
9:09,0.0335,0.0906,0.0355,0.0258,,,,,,,,,,,,,,
9:10,0.0335,0.0906,0.0355,0.0258,,,,,,,,,,,,,,
9:11,0.0335,0.0906,0.0355,0.0258,,,,,,,,,,,,,,
9:12,0.0335,0.0906,0.0355,0.0258,,,,,,,,,,,,,,
9:13,0.0335,0.0906,0.0355,0.0258,,,,,,,,,,,,,,
9:14,0.0335,0.0906,0.0355,0.0258,,,,,,,,,,,,,,
9:15,0.0335,0.0906,0.0355,0.0258,,,,,,,,,,,,,,
9:16,0.0335,0.0906,0.0355,0.0258,,,,,,,,,,,,,,
9:17,0.0335,0.0906,0.0355,0.0258,,,,,,,,,,,,,,
9:18,0.0335,0.0906,0.0355,0.0258,,,,,,,,,,,,,,
9:19,0.0335,0.0906,0.0355,0.0258,,,,,,,,,,,,,,
9:20,0.0335,0.0906,0.0355,0.0258,,,,,,,,,,,,,,
9:21,0.0335,0.0906,0.0355,0.0258,,,,,,,,,,,,,,
9:22,0.0335,0.0906,0.0355,0.0258,,,,,,,,,,,,,,
9:23,0.0335,0.0906,0.0355,0.0258,,,,,,,,,,,,,,
9:24,0.0335,0.0906,0.0355,0.0258,,,,,,,,,,,,,,
9:25,0.0335,0.0906,0.0355,0.0258,,,,,,,,,,,,,,
9:26,0.0335,0.0906,0.0355,0.0258,,,,,,,,,,,,,,
9:27,0.0335,0.0906,0.0355,0.0258,,,,,,,,,,,,,,
9:28,0.0335,0.0906,0.0355,0.0258,,,,,,,,,,,,,,
9:29,0.0335,0.0906,0.0355,0.0258,,,,,,,,,,,,,,
9:30,0.0335,0.0906,0.0355,0.0258,,,,,,,,,,,,,,
9:31,0.0335,0.0906,0.0355,0.0258,,,,,,,,,,,,,,
9:32,0.0335,0.0906,0.0355,0.0258,,,,,,,,,,,,,,
9:33,0.0335,0.0906,0.0355,0.0258,,,,,,,,,,,,,,
9:34,0.0335,0.0906,0.0355,0.0258,,,,,,,,,,,,,,
9:35,0.0335,0.0906,0.0355,0.0258,,,,,,,,,,,,,,
9:36,0.0335,0.0906,0.0355,0.0258,,,,,,,,,,,,,,
9:37,0.0335,0.0906,0.0355,0.0258,,,,,,,,,,,,,,
9:38,0.0335,0.0906,0.0355,0.0258,,,,,,,,,,,,,,
9:39,0.0335,0.0906,0.0355,0.0258,,,,,,,,,,,,,,
9:40,0.0335,0.0906,0.0355,0.0258,,,,,,,,,,,,,,
9:41,0.0335,0.0906,0.0355,0.0258,,,,,,,,,,,,,,
9:42,0.0335,0.0906,0.0355,0.0258,,,,,,,,,,,,,,
9:43,0.0335,0.0906,0.0355,0.0258,,,,,,,,,,,,,,
9:44,0.0335,0.0906,0.0355,0.0258,,,,,,,,,,,,,,
9:45,0.0335,0.0906,0.0355,0.0258,,,,,,,,,,,,,,
9:46,0.0335,0.0906,0.0355,0.0258,,,,,,,,,,,,,,
9:47,0.0335,0.0906,0.0355,0.0258,,,,,,,,,,,,,,
9:48,0.0335,0.0906,0.0355,0.0258,,,,,,,,,,,,,,
9:49,0.0335,0.0906,0.0355,0.0258,,,,,,,,,,,,,,
9:50,0.0335,0.0906,0.0355,0.0258,,,,,,,,,,,,,,
9:51,0.0335,0.0906,0.0355,0.0258,,,,,,,,,,,,,,
9:52,0.0335,0.0906,0.0355,0.0258,,,,,,,,,,,,,,
9:53,0.0335,0.0906,0.0355,0.0258,,,,,,,,,,,,,,
9:54,0.0335,0.0906,0.0355,0.0258,,,,,,,,,,,,,,
9:55,0.0335,0.0906,0.0355,0.0258,,,,,,,,,,,,,,
9:56,0.0335,0.0906,0.0355,0.0258,,,,,,,,,,,,,,
9:57,0.0335,0.0906,0.0355,0.0258,,,,,,,,,,,,,,
9:58,0.0335,0.0906,0.0355,0.0258,,,,,,,,,,,,,,
9:59,0.0335,0.0906,0.0355,0.0258,,,,,,,,,,,,,,
10:00,0.028,0.0803,0.046,0.0294,,,,,,,,,,,,,,
10:01,0.028,0.0803,0.046,0.0294,,,,,,,,,,,,,,
10:02,0.028,0.0803,0.046,0.0294,,,,,,,,,,,,,,
10:03,0.028,0.0803,0.046,0.0294,,,,,,,,,,,,,,
10:04,0.028,0.0803,0.046,0.0294,,,,,,,,,,,,,,
10:05,0.028,0.0803,0.046,0.0294,,,,,,,,,,,,,,
10:06,0.028,0.0803,0.046,0.0294,,,,,,,,,,,,,,
10:07,0.028,0.0803,0.046,0.0294,,,,,,,,,,,,,,
10:08,0.028,0.0803,0.046,0.0294,,,,,,,,,,,,,,
10:09,0.028,0.0803,0.046,0.0294,,,,,,,,,,,,,,
10:10,0.028,0.0803,0.046,0.0294,,,,,,,,,,,,,,
10:11,0.028,0.0803,0.046,0.0294,,,,,,,,,,,,,,
10:12,0.028,0.0803,0.046,0.0294,,,,,,,,,,,,,,
10:13,0.028,0.0803,0.046,0.0294,,,,,,,,,,,,,,
10:14,0.028,0.0803,0.046,0.0294,,,,,,,,,,,,,,
10:15,0.028,0.0803,0.046,0.0294,,,,,,,,,,,,,,
10:16,0.028,0.0803,0.046,0.0294,,,,,,,,,,,,,,
10:17,0.028,0.0803,0.046,0.0294,,,,,,,,,,,,,,
10:18,0.028,0.0803,0.046,0.0294,,,,,,,,,,,,,,
10:19,0.028,0.0803,0.046,0.0294,,,,,,,,,,,,,,
10:20,0.028,0.0803,0.046,0.0294,,,,,,,,,,,,,,
10:21,0.028,0.0803,0.046,0.0294,,,,,,,,,,,,,,
10:22,0.028,0.0803,0.046,0.0294,,,,,,,,,,,,,,
10:23,0.028,0.0803,0.046,0.0294,,,,,,,,,,,,,,
10:24,0.028,0.0803,0.046,0.0294,,,,,,,,,,,,,,
10:25,0.028,0.0803,0.046,0.0294,,,,,,,,,,,,,,
10:26,0.028,0.0803,0.046,0.0294,,,,,,,,,,,,,,
10:27,0.028,0.0803,0.046,0.0294,,,,,,,,,,,,,,
10:28,0.028,0.0803,0.046,0.0294,,,,,,,,,,,,,,
10:29,0.028,0.0803,0.046,0.0294,,,,,,,,,,,,,,
10:30,0.028,0.0803,0.046,0.0294,,,,,,,,,,,,,,
10:31,0.028,0.0803,0.046,0.0294,,,,,,,,,,,,,,
10:32,0.028,0.0803,0.046,0.0294,,,,,,,,,,,,,,
10:33,0.028,0.0803,0.046,0.0294,,,,,,,,,,,,,,
10:34,0.028,0.0803,0.046,0.0294,,,,,,,,,,,,,,
10:35,0.028,0.0803,0.046,0.0294,,,,,,,,,,,,,,
10:36,0.028,0.0803,0.046,0.0294,,,,,,,,,,,,,,
10:37,0.028,0.0803,0.046,0.0294,,,,,,,,,,,,,,
10:38,0.028,0.0803,0.046,0.0294,,,,,,,,,,,,,,
10:39,0.028,0.0803,0.046,0.0294,,,,,,,,,,,,,,
10:40,0.028,0.0803,0.046,0.0294,,,,,,,,,,,,,,
10:41,0.028,0.0803,0.046,0.0294,,,,,,,,,,,,,,
10:42,0.028,0.0803,0.046,0.0294,,,,,,,,,,,,,,
10:43,0.028,0.0803,0.046,0.0294,,,,,,,,,,,,,,
10:44,0.028,0.0803,0.046,0.0294,,,,,,,,,,,,,,
10:45,0.028,0.0803,0.046,0.0294,,,,,,,,,,,,,,
10:46,0.028,0.0803,0.046,0.0294,,,,,,,,,,,,,,
10:47,0.028,0.0803,0.046,0.0294,,,,,,,,,,,,,,
10:48,0.028,0.0803,0.046,0.0294,,,,,,,,,,,,,,
10:49,0.028,0.0803,0.046,0.0294,,,,,,,,,,,,,,
10:50,0.028,0.0803,0.046,0.0294,,,,,,,,,,,,,,
10:51,0.028,0.0803,0.046,0.0294,,,,,,,,,,,,,,
10:52,0.028,0.0803,0.046,0.0294,,,,,,,,,,,,,,
10:53,0.028,0.0803,0.046,0.0294,,,,,,,,,,,,,,
10:54,0.028,0.0803,0.046,0.0294,,,,,,,,,,,,,,
10:55,0.028,0.0803,0.046,0.0294,,,,,,,,,,,,,,
10:56,0.028,0.0803,0.046,0.0294,,,,,,,,,,,,,,
10:57,0.028,0.0803,0.046,0.0294,,,,,,,,,,,,,,
10:58,0.028,0.0803,0.046,0.0294,,,,,,,,,,,,,,
10:59,0.028,0.0803,0.046,0.0294,,,,,,,,,,,,,,
11:00,0.0284,0.0738,0.0542,0.029,,,,,,,,,,,,,,
11:01,0.0284,0.0738,0.0542,0.029,,,,,,,,,,,,,,
11:02,0.0284,0.0738,0.0542,0.029,,,,,,,,,,,,,,
11:03,0.0284,0.0738,0.0542,0.029,,,,,,,,,,,,,,
11:04,0.0284,0.0738,0.0542,0.029,,,,,,,,,,,,,,
11:05,0.0284,0.0738,0.0542,0.029,,,,,,,,,,,,,,
11:06,0.0284,0.0738,0.0542,0.029,,,,,,,,,,,,,,
11:07,0.0284,0.0738,0.0542,0.029,,,,,,,,,,,,,,
11:08,0.0284,0.0738,0.0542,0.029,,,,,,,,,,,,,,
11:09,0.0284,0.0738,0.0542,0.029,,,,,,,,,,,,,,
11:10,0.0284,0.0738,0.0542,0.029,,,,,,,,,,,,,,
11:11,0.0284,0.0738,0.0542,0.029,,,,,,,,,,,,,,
11:12,0.0284,0.0738,0.0542,0.029,,,,,,,,,,,,,,
11:13,0.0284,0.0738,0.0542,0.029,,,,,,,,,,,,,,
11:14,0.0284,0.0738,0.0542,0.029,,,,,,,,,,,,,,
11:15,0.0284,0.0738,0.0542,0.029,,,,,,,,,,,,,,
11:16,0.0284,0.0738,0.0542,0.029,,,,,,,,,,,,,,
11:17,0.0284,0.0738,0.0542,0.029,,,,,,,,,,,,,,
11:18,0.0284,0.0738,0.0542,0.029,,,,,,,,,,,,,,
11:19,0.0284,0.0738,0.0542,0.029,,,,,,,,,,,,,,
11:20,0.0284,0.0738,0.0542,0.029,,,,,,,,,,,,,,
11:21,0.0284,0.0738,0.0542,0.029,,,,,,,,,,,,,,
11:22,0.0284,0.0738,0.0542,0.029,,,,,,,,,,,,,,
11:23,0.0284,0.0738,0.0542,0.029,,,,,,,,,,,,,,
11:24,0.0284,0.0738,0.0542,0.029,,,,,,,,,,,,,,
11:25,0.0284,0.0738,0.0542,0.029,,,,,,,,,,,,,,
11:26,0.0284,0.0738,0.0542,0.029,,,,,,,,,,,,,,
11:27,0.0284,0.0738,0.0542,0.029,,,,,,,,,,,,,,
11:28,0.0284,0.0738,0.0542,0.029,,,,,,,,,,,,,,
11:29,0.0284,0.0738,0.0542,0.029,,,,,,,,,,,,,,
11:30,0.0284,0.0738,0.0542,0.029,,,,,,,,,,,,,,
11:31,0.0284,0.0738,0.0542,0.029,,,,,,,,,,,,,,
11:32,0.0284,0.0738,0.0542,0.029,,,,,,,,,,,,,,
11:33,0.0284,0.0738,0.0542,0.029,,,,,,,,,,,,,,
11:34,0.0284,0.0738,0.0542,0.029,,,,,,,,,,,,,,
11:35,0.0284,0.0738,0.0542,0.029,,,,,,,,,,,,,,
11:36,0.0284,0.0738,0.0542,0.029,,,,,,,,,,,,,,
11:37,0.0284,0.0738,0.0542,0.029,,,,,,,,,,,,,,
11:38,0.0284,0.0738,0.0542,0.029,,,,,,,,,,,,,,
11:39,0.0284,0.0738,0.0542,0.029,,,,,,,,,,,,,,
11:40,0.0284,0.0738,0.0542,0.029,,,,,,,,,,,,,,
11:41,0.0284,0.0738,0.0542,0.029,,,,,,,,,,,,,,
11:42,0.0284,0.0738,0.0542,0.029,,,,,,,,,,,,,,
11:43,0.0284,0.0738,0.0542,0.029,,,,,,,,,,,,,,
11:44,0.0284,0.0738,0.0542,0.029,,,,,,,,,,,,,,
11:45,0.0284,0.0738,0.0542,0.029,,,,,,,,,,,,,,
11:46,0.0284,0.0738,0.0542,0.029,,,,,,,,,,,,,,
11:47,0.0284,0.0738,0.0542,0.029,,,,,,,,,,,,,,
11:48,0.0284,0.0738,0.0542,0.029,,,,,,,,,,,,,,
11:49,0.0284,0.0738,0.0542,0.029,,,,,,,,,,,,,,
11:50,0.0284,0.0738,0.0542,0.029,,,,,,,,,,,,,,
11:51,0.0284,0.0738,0.0542,0.029,,,,,,,,,,,,,,
11:52,0.0284,0.0738,0.0542,0.029,,,,,,,,,,,,,,
11:53,0.0284,0.0738,0.0542,0.029,,,,,,,,,,,,,,
11:54,0.0284,0.0738,0.0542,0.029,,,,,,,,,,,,,,
11:55,0.0284,0.0738,0.0542,0.029,,,,,,,,,,,,,,
11:56,0.0284,0.0738,0.0542,0.029,,,,,,,,,,,,,,
11:57,0.0284,0.0738,0.0542,0.029,,,,,,,,,,,,,,
11:58,0.0284,0.0738,0.0542,0.029,,,,,,,,,,,,,,
11:59,0.0284,0.0738,0.0542,0.029,,,,,,,,,,,,,,
12:00,0.0274,0.0572,0.0757,0.0265,,,,,,,,,,,,,,
12:01,0.0274,0.0572,0.0757,0.0265,,,,,,,,,,,,,,
12:02,0.0274,0.0572,0.0757,0.0265,,,,,,,,,,,,,,
12:03,0.0274,0.0572,0.0757,0.0265,,,,,,,,,,,,,,
12:04,0.0274,0.0572,0.0757,0.0265,,,,,,,,,,,,,,
12:05,0.0274,0.0572,0.0757,0.0265,,,,,,,,,,,,,,
12:06,0.0274,0.0572,0.0757,0.0265,,,,,,,,,,,,,,
12:07,0.0274,0.0572,0.0757,0.0265,,,,,,,,,,,,,,
12:08,0.0274,0.0572,0.0757,0.0265,,,,,,,,,,,,,,
12:09,0.0274,0.0572,0.0757,0.0265,,,,,,,,,,,,,,
12:10,0.0274,0.0572,0.0757,0.0265,,,,,,,,,,,,,,
12:11,0.0274,0.0572,0.0757,0.0265,,,,,,,,,,,,,,
12:12,0.0274,0.0572,0.0757,0.0265,,,,,,,,,,,,,,
12:13,0.0274,0.0572,0.0757,0.0265,,,,,,,,,,,,,,
12:14,0.0274,0.0572,0.0757,0.0265,,,,,,,,,,,,,,
12:15,0.0274,0.0572,0.0757,0.0265,,,,,,,,,,,,,,
12:16,0.0274,0.0572,0.0757,0.0265,,,,,,,,,,,,,,
12:17,0.0274,0.0572,0.0757,0.0265,,,,,,,,,,,,,,
12:18,0.0274,0.0572,0.0757,0.0265,,,,,,,,,,,,,,
12:19,0.0274,0.0572,0.0757,0.0265,,,,,,,,,,,,,,
12:20,0.0274,0.0572,0.0757,0.0265,,,,,,,,,,,,,,
12:21,0.0274,0.0572,0.0757,0.0265,,,,,,,,,,,,,,
12:22,0.0274,0.0572,0.0757,0.0265,,,,,,,,,,,,,,
12:23,0.0274,0.0572,0.0757,0.0265,,,,,,,,,,,,,,
12:24,0.0274,0.0572,0.0757,0.0265,,,,,,,,,,,,,,
12:25,0.0274,0.0572,0.0757,0.0265,,,,,,,,,,,,,,
12:26,0.0274,0.0572,0.0757,0.0265,,,,,,,,,,,,,,
12:27,0.0274,0.0572,0.0757,0.0265,,,,,,,,,,,,,,
12:28,0.0274,0.0572,0.0757,0.0265,,,,,,,,,,,,,,
12:29,0.0274,0.0572,0.0757,0.0265,,,,,,,,,,,,,,
12:30,0.0274,0.0572,0.0757,0.0265,,,,,,,,,,,,,,
12:31,0.0274,0.0572,0.0757,0.0265,,,,,,,,,,,,,,
12:32,0.0274,0.0572,0.0757,0.0265,,,,,,,,,,,,,,
12:33,0.0274,0.0572,0.0757,0.0265,,,,,,,,,,,,,,
12:34,0.0274,0.0572,0.0757,0.0265,,,,,,,,,,,,,,
12:35,0.0274,0.0572,0.0757,0.0265,,,,,,,,,,,,,,
12:36,0.0274,0.0572,0.0757,0.0265,,,,,,,,,,,,,,
12:37,0.0274,0.0572,0.0757,0.0265,,,,,,,,,,,,,,
12:38,0.0274,0.0572,0.0757,0.0265,,,,,,,,,,,,,,
12:39,0.0274,0.0572,0.0757,0.0265,,,,,,,,,,,,,,
12:40,0.0274,0.0572,0.0757,0.0265,,,,,,,,,,,,,,
12:41,0.0274,0.0572,0.0757,0.0265,,,,,,,,,,,,,,
12:42,0.0274,0.0572,0.0757,0.0265,,,,,,,,,,,,,,
12:43,0.0274,0.0572,0.0757,0.0265,,,,,,,,,,,,,,
12:44,0.0274,0.0572,0.0757,0.0265,,,,,,,,,,,,,,
12:45,0.0274,0.0572,0.0757,0.0265,,,,,,,,,,,,,,
12:46,0.0274,0.0572,0.0757,0.0265,,,,,,,,,,,,,,
12:47,0.0274,0.0572,0.0757,0.0265,,,,,,,,,,,,,,
12:48,0.0274,0.0572,0.0757,0.0265,,,,,,,,,,,,,,
12:49,0.0274,0.0572,0.0757,0.0265,,,,,,,,,,,,,,
12:50,0.0274,0.0572,0.0757,0.0265,,,,,,,,,,,,,,
12:51,0.0274,0.0572,0.0757,0.0265,,,,,,,,,,,,,,
12:52,0.0274,0.0572,0.0757,0.0265,,,,,,,,,,,,,,
12:53,0.0274,0.0572,0.0757,0.0265,,,,,,,,,,,,,,
12:54,0.0274,0.0572,0.0757,0.0265,,,,,,,,,,,,,,
12:55,0.0274,0.0572,0.0757,0.0265,,,,,,,,,,,,,,
12:56,0.0274,0.0572,0.0757,0.0265,,,,,,,,,,,,,,
12:57,0.0274,0.0572,0.0757,0.0265,,,,,,,,,,,,,,
12:58,0.0274,0.0572,0.0757,0.0265,,,,,,,,,,,,,,
12:59,0.0274,0.0572,0.0757,0.0265,,,,,,,,,,,,,,
13:00,0.0263,0.049,0.0819,0.0243,,,,,,,,,,,,,,
13:01,0.0263,0.049,0.0819,0.0243,,,,,,,,,,,,,,
13:02,0.0263,0.049,0.0819,0.0243,,,,,,,,,,,,,,
13:03,0.0263,0.049,0.0819,0.0243,,,,,,,,,,,,,,
13:04,0.0263,0.049,0.0819,0.0243,,,,,,,,,,,,,,
13:05,0.0263,0.049,0.0819,0.0243,,,,,,,,,,,,,,
13:06,0.0263,0.049,0.0819,0.0243,,,,,,,,,,,,,,
13:07,0.0263,0.049,0.0819,0.0243,,,,,,,,,,,,,,
13:08,0.0263,0.049,0.0819,0.0243,,,,,,,,,,,,,,
13:09,0.0263,0.049,0.0819,0.0243,,,,,,,,,,,,,,
13:10,0.0263,0.049,0.0819,0.0243,,,,,,,,,,,,,,
13:11,0.0263,0.049,0.0819,0.0243,,,,,,,,,,,,,,
13:12,0.0263,0.049,0.0819,0.0243,,,,,,,,,,,,,,
13:13,0.0263,0.049,0.0819,0.0243,,,,,,,,,,,,,,
13:14,0.0263,0.049,0.0819,0.0243,,,,,,,,,,,,,,
13:15,0.0263,0.049,0.0819,0.0243,,,,,,,,,,,,,,
13:16,0.0263,0.049,0.0819,0.0243,,,,,,,,,,,,,,
13:17,0.0263,0.049,0.0819,0.0243,,,,,,,,,,,,,,
13:18,0.0263,0.049,0.0819,0.0243,,,,,,,,,,,,,,
13:19,0.0263,0.049,0.0819,0.0243,,,,,,,,,,,,,,
13:20,0.0263,0.049,0.0819,0.0243,,,,,,,,,,,,,,
13:21,0.0263,0.049,0.0819,0.0243,,,,,,,,,,,,,,
13:22,0.0263,0.049,0.0819,0.0243,,,,,,,,,,,,,,
13:23,0.0263,0.049,0.0819,0.0243,,,,,,,,,,,,,,
13:24,0.0263,0.049,0.0819,0.0243,,,,,,,,,,,,,,
13:25,0.0263,0.049,0.0819,0.0243,,,,,,,,,,,,,,
13:26,0.0263,0.049,0.0819,0.0243,,,,,,,,,,,,,,
13:27,0.0263,0.049,0.0819,0.0243,,,,,,,,,,,,,,
13:28,0.0263,0.049,0.0819,0.0243,,,,,,,,,,,,,,
13:29,0.0263,0.049,0.0819,0.0243,,,,,,,,,,,,,,
13:30,0.0263,0.049,0.0819,0.0243,,,,,,,,,,,,,,
13:31,0.0263,0.049,0.0819,0.0243,,,,,,,,,,,,,,
13:32,0.0263,0.049,0.0819,0.0243,,,,,,,,,,,,,,
13:33,0.0263,0.049,0.0819,0.0243,,,,,,,,,,,,,,
13:34,0.0263,0.049,0.0819,0.0243,,,,,,,,,,,,,,
13:35,0.0263,0.049,0.0819,0.0243,,,,,,,,,,,,,,
13:36,0.0263,0.049,0.0819,0.0243,,,,,,,,,,,,,,
13:37,0.0263,0.049,0.0819,0.0243,,,,,,,,,,,,,,
13:38,0.0263,0.049,0.0819,0.0243,,,,,,,,,,,,,,
13:39,0.0263,0.049,0.0819,0.0243,,,,,,,,,,,,,,
13:40,0.0263,0.049,0.0819,0.0243,,,,,,,,,,,,,,
13:41,0.0263,0.049,0.0819,0.0243,,,,,,,,,,,,,,
13:42,0.0263,0.049,0.0819,0.0243,,,,,,,,,,,,,,
13:43,0.0263,0.049,0.0819,0.0243,,,,,,,,,,,,,,
13:44,0.0263,0.049,0.0819,0.0243,,,,,,,,,,,,,,
13:45,0.0263,0.049,0.0819,0.0243,,,,,,,,,,,,,,
13:46,0.0263,0.049,0.0819,0.0243,,,,,,,,,,,,,,
13:47,0.0263,0.049,0.0819,0.0243,,,,,,,,,,,,,,
13:48,0.0263,0.049,0.0819,0.0243,,,,,,,,,,,,,,
13:49,0.0263,0.049,0.0819,0.0243,,,,,,,,,,,,,,
13:50,0.0263,0.049,0.0819,0.0243,,,,,,,,,,,,,,
13:51,0.0263,0.049,0.0819,0.0243,,,,,,,,,,,,,,
13:52,0.0263,0.049,0.0819,0.0243,,,,,,,,,,,,,,
13:53,0.0263,0.049,0.0819,0.0243,,,,,,,,,,,,,,
13:54,0.0263,0.049,0.0819,0.0243,,,,,,,,,,,,,,
13:55,0.0263,0.049,0.0819,0.0243,,,,,,,,,,,,,,
13:56,0.0263,0.049,0.0819,0.0243,,,,,,,,,,,,,,
13:57,0.0263,0.049,0.0819,0.0243,,,,,,,,,,,,,,
13:58,0.0263,0.049,0.0819,0.0243,,,,,,,,,,,,,,
13:59,0.0263,0.049,0.0819,0.0243,,,,,,,,,,,,,,
14:00,0.0222,0.0432,0.0891,0.0228,,,,,,,,,,,,,,
14:01,0.0222,0.0432,0.0891,0.0228,,,,,,,,,,,,,,
14:02,0.0222,0.0432,0.0891,0.0228,,,,,,,,,,,,,,
14:03,0.0222,0.0432,0.0891,0.0228,,,,,,,,,,,,,,
14:04,0.0222,0.0432,0.0891,0.0228,,,,,,,,,,,,,,
14:05,0.0222,0.0432,0.0891,0.0228,,,,,,,,,,,,,,
14:06,0.0222,0.0432,0.0891,0.0228,,,,,,,,,,,,,,
14:07,0.0222,0.0432,0.0891,0.0228,,,,,,,,,,,,,,
14:08,0.0222,0.0432,0.0891,0.0228,,,,,,,,,,,,,,
14:09,0.0222,0.0432,0.0891,0.0228,,,,,,,,,,,,,,
14:10,0.0222,0.0432,0.0891,0.0228,,,,,,,,,,,,,,
14:11,0.0222,0.0432,0.0891,0.0228,,,,,,,,,,,,,,
14:12,0.0222,0.0432,0.0891,0.0228,,,,,,,,,,,,,,
14:13,0.0222,0.0432,0.0891,0.0228,,,,,,,,,,,,,,
14:14,0.0222,0.0432,0.0891,0.0228,,,,,,,,,,,,,,
14:15,0.0222,0.0432,0.0891,0.0228,,,,,,,,,,,,,,
14:16,0.0222,0.0432,0.0891,0.0228,,,,,,,,,,,,,,
14:17,0.0222,0.0432,0.0891,0.0228,,,,,,,,,,,,,,
14:18,0.0222,0.0432,0.0891,0.0228,,,,,,,,,,,,,,
14:19,0.0222,0.0432,0.0891,0.0228,,,,,,,,,,,,,,
14:20,0.0222,0.0432,0.0891,0.0228,,,,,,,,,,,,,,
14:21,0.0222,0.0432,0.0891,0.0228,,,,,,,,,,,,,,
14:22,0.0222,0.0432,0.0891,0.0228,,,,,,,,,,,,,,
14:23,0.0222,0.0432,0.0891,0.0228,,,,,,,,,,,,,,
14:24,0.0222,0.0432,0.0891,0.0228,,,,,,,,,,,,,,
14:25,0.0222,0.0432,0.0891,0.0228,,,,,,,,,,,,,,
14:26,0.0222,0.0432,0.0891,0.0228,,,,,,,,,,,,,,
14:27,0.0222,0.0432,0.0891,0.0228,,,,,,,,,,,,,,
14:28,0.0222,0.0432,0.0891,0.0228,,,,,,,,,,,,,,
14:29,0.0222,0.0432,0.0891,0.0228,,,,,,,,,,,,,,
14:30,0.0222,0.0432,0.0891,0.0228,,,,,,,,,,,,,,
14:31,0.0222,0.0432,0.0891,0.0228,,,,,,,,,,,,,,
14:32,0.0222,0.0432,0.0891,0.0228,,,,,,,,,,,,,,
14:33,0.0222,0.0432,0.0891,0.0228,,,,,,,,,,,,,,
14:34,0.0222,0.0432,0.0891,0.0228,,,,,,,,,,,,,,
14:35,0.0222,0.0432,0.0891,0.0228,,,,,,,,,,,,,,
14:36,0.0222,0.0432,0.0891,0.0228,,,,,,,,,,,,,,
14:37,0.0222,0.0432,0.0891,0.0228,,,,,,,,,,,,,,
14:38,0.0222,0.0432,0.0891,0.0228,,,,,,,,,,,,,,
14:39,0.0222,0.0432,0.0891,0.0228,,,,,,,,,,,,,,
14:40,0.0222,0.0432,0.0891,0.0228,,,,,,,,,,,,,,
14:41,0.0222,0.0432,0.0891,0.0228,,,,,,,,,,,,,,
14:42,0.0222,0.0432,0.0891,0.0228,,,,,,,,,,,,,,
14:43,0.0222,0.0432,0.0891,0.0228,,,,,,,,,,,,,,
14:44,0.0222,0.0432,0.0891,0.0228,,,,,,,,,,,,,,
14:45,0.0222,0.0432,0.0891,0.0228,,,,,,,,,,,,,,
14:46,0.0222,0.0432,0.0891,0.0228,,,,,,,,,,,,,,
14:47,0.0222,0.0432,0.0891,0.0228,,,,,,,,,,,,,,
14:48,0.0222,0.0432,0.0891,0.0228,,,,,,,,,,,,,,
14:49,0.0222,0.0432,0.0891,0.0228,,,,,,,,,,,,,,
14:50,0.0222,0.0432,0.0891,0.0228,,,,,,,,,,,,,,
14:51,0.0222,0.0432,0.0891,0.0228,,,,,,,,,,,,,,
14:52,0.0222,0.0432,0.0891,0.0228,,,,,,,,,,,,,,
14:53,0.0222,0.0432,0.0891,0.0228,,,,,,,,,,,,,,
14:54,0.0222,0.0432,0.0891,0.0228,,,,,,,,,,,,,,
14:55,0.0222,0.0432,0.0891,0.0228,,,,,,,,,,,,,,
14:56,0.0222,0.0432,0.0891,0.0228,,,,,,,,,,,,,,
14:57,0.0222,0.0432,0.0891,0.0228,,,,,,,,,,,,,,
14:58,0.0222,0.0432,0.0891,0.0228,,,,,,,,,,,,,,
14:59,0.0222,0.0432,0.0891,0.0228,,,,,,,,,,,,,,
15:00,0.0207,0.0311,0.0887,0.0263,,,,,,,,,,,,,,
15:01,0.0207,0.0311,0.0887,0.0263,,,,,,,,,,,,,,
15:02,0.0207,0.0311,0.0887,0.0263,,,,,,,,,,,,,,
15:03,0.0207,0.0311,0.0887,0.0263,,,,,,,,,,,,,,
15:04,0.0207,0.0311,0.0887,0.0263,,,,,,,,,,,,,,
15:05,0.0207,0.0311,0.0887,0.0263,,,,,,,,,,,,,,
15:06,0.0207,0.0311,0.0887,0.0263,,,,,,,,,,,,,,
15:07,0.0207,0.0311,0.0887,0.0263,,,,,,,,,,,,,,
15:08,0.0207,0.0311,0.0887,0.0263,,,,,,,,,,,,,,
15:09,0.0207,0.0311,0.0887,0.0263,,,,,,,,,,,,,,
15:10,0.0207,0.0311,0.0887,0.0263,,,,,,,,,,,,,,
15:11,0.0207,0.0311,0.0887,0.0263,,,,,,,,,,,,,,
15:12,0.0207,0.0311,0.0887,0.0263,,,,,,,,,,,,,,
15:13,0.0207,0.0311,0.0887,0.0263,,,,,,,,,,,,,,
15:14,0.0207,0.0311,0.0887,0.0263,,,,,,,,,,,,,,
15:15,0.0207,0.0311,0.0887,0.0263,,,,,,,,,,,,,,
15:16,0.0207,0.0311,0.0887,0.0263,,,,,,,,,,,,,,
15:17,0.0207,0.0311,0.0887,0.0263,,,,,,,,,,,,,,
15:18,0.0207,0.0311,0.0887,0.0263,,,,,,,,,,,,,,
15:19,0.0207,0.0311,0.0887,0.0263,,,,,,,,,,,,,,
15:20,0.0207,0.0311,0.0887,0.0263,,,,,,,,,,,,,,
15:21,0.0207,0.0311,0.0887,0.0263,,,,,,,,,,,,,,
15:22,0.0207,0.0311,0.0887,0.0263,,,,,,,,,,,,,,
15:23,0.0207,0.0311,0.0887,0.0263,,,,,,,,,,,,,,
15:24,0.0207,0.0311,0.0887,0.0263,,,,,,,,,,,,,,
15:25,0.0207,0.0311,0.0887,0.0263,,,,,,,,,,,,,,
15:26,0.0207,0.0311,0.0887,0.0263,,,,,,,,,,,,,,
15:27,0.0207,0.0311,0.0887,0.0263,,,,,,,,,,,,,,
15:28,0.0207,0.0311,0.0887,0.0263,,,,,,,,,,,,,,
15:29,0.0207,0.0311,0.0887,0.0263,,,,,,,,,,,,,,
15:30,0.0207,0.0311,0.0887,0.0263,,,,,,,,,,,,,,
15:31,0.0207,0.0311,0.0887,0.0263,,,,,,,,,,,,,,
15:32,0.0207,0.0311,0.0887,0.0263,,,,,,,,,,,,,,
15:33,0.0207,0.0311,0.0887,0.0263,,,,,,,,,,,,,,
15:34,0.0207,0.0311,0.0887,0.0263,,,,,,,,,,,,,,
15:35,0.0207,0.0311,0.0887,0.0263,,,,,,,,,,,,,,
15:36,0.0207,0.0311,0.0887,0.0263,,,,,,,,,,,,,,
15:37,0.0207,0.0311,0.0887,0.0263,,,,,,,,,,,,,,
15:38,0.0207,0.0311,0.0887,0.0263,,,,,,,,,,,,,,
15:39,0.0207,0.0311,0.0887,0.0263,,,,,,,,,,,,,,
15:40,0.0207,0.0311,0.0887,0.0263,,,,,,,,,,,,,,
15:41,0.0207,0.0311,0.0887,0.0263,,,,,,,,,,,,,,
15:42,0.0207,0.0311,0.0887,0.0263,,,,,,,,,,,,,,
15:43,0.0207,0.0311,0.0887,0.0263,,,,,,,,,,,,,,
15:44,0.0207,0.0311,0.0887,0.0263,,,,,,,,,,,,,,
15:45,0.0207,0.0311,0.0887,0.0263,,,,,,,,,,,,,,
15:46,0.0207,0.0311,0.0887,0.0263,,,,,,,,,,,,,,
15:47,0.0207,0.0311,0.0887,0.0263,,,,,,,,,,,,,,
15:48,0.0207,0.0311,0.0887,0.0263,,,,,,,,,,,,,,
15:49,0.0207,0.0311,0.0887,0.0263,,,,,,,,,,,,,,
15:50,0.0207,0.0311,0.0887,0.0263,,,,,,,,,,,,,,
15:51,0.0207,0.0311,0.0887,0.0263,,,,,,,,,,,,,,
15:52,0.0207,0.0311,0.0887,0.0263,,,,,,,,,,,,,,
15:53,0.0207,0.0311,0.0887,0.0263,,,,,,,,,,,,,,
15:54,0.0207,0.0311,0.0887,0.0263,,,,,,,,,,,,,,
15:55,0.0207,0.0311,0.0887,0.0263,,,,,,,,,,,,,,
15:56,0.0207,0.0311,0.0887,0.0263,,,,,,,,,,,,,,
15:57,0.0207,0.0311,0.0887,0.0263,,,,,,,,,,,,,,
15:58,0.0207,0.0311,0.0887,0.0263,,,,,,,,,,,,,,
15:59,0.0207,0.0311,0.0887,0.0263,,,,,,,,,,,,,,
16:00,0.017,0.0241,0.083,0.0384,,,,,,,,,,,,,,
16:01,0.017,0.0241,0.083,0.0384,,,,,,,,,,,,,,
16:02,0.017,0.0241,0.083,0.0384,,,,,,,,,,,,,,
16:03,0.017,0.0241,0.083,0.0384,,,,,,,,,,,,,,
16:04,0.017,0.0241,0.083,0.0384,,,,,,,,,,,,,,
16:05,0.017,0.0241,0.083,0.0384,,,,,,,,,,,,,,
16:06,0.017,0.0241,0.083,0.0384,,,,,,,,,,,,,,
16:07,0.017,0.0241,0.083,0.0384,,,,,,,,,,,,,,
16:08,0.017,0.0241,0.083,0.0384,,,,,,,,,,,,,,
16:09,0.017,0.0241,0.083,0.0384,,,,,,,,,,,,,,
16:10,0.017,0.0241,0.083,0.0384,,,,,,,,,,,,,,
16:11,0.017,0.0241,0.083,0.0384,,,,,,,,,,,,,,
16:12,0.017,0.0241,0.083,0.0384,,,,,,,,,,,,,,
16:13,0.017,0.0241,0.083,0.0384,,,,,,,,,,,,,,
16:14,0.017,0.0241,0.083,0.0384,,,,,,,,,,,,,,
16:15,0.017,0.0241,0.083,0.0384,,,,,,,,,,,,,,
16:16,0.017,0.0241,0.083,0.0384,,,,,,,,,,,,,,
16:17,0.017,0.0241,0.083,0.0384,,,,,,,,,,,,,,
16:18,0.017,0.0241,0.083,0.0384,,,,,,,,,,,,,,
16:19,0.017,0.0241,0.083,0.0384,,,,,,,,,,,,,,
16:20,0.017,0.0241,0.083,0.0384,,,,,,,,,,,,,,
16:21,0.017,0.0241,0.083,0.0384,,,,,,,,,,,,,,
16:22,0.017,0.0241,0.083,0.0384,,,,,,,,,,,,,,
16:23,0.017,0.0241,0.083,0.0384,,,,,,,,,,,,,,
16:24,0.017,0.0241,0.083,0.0384,,,,,,,,,,,,,,
16:25,0.017,0.0241,0.083,0.0384,,,,,,,,,,,,,,
16:26,0.017,0.0241,0.083,0.0384,,,,,,,,,,,,,,
16:27,0.017,0.0241,0.083,0.0384,,,,,,,,,,,,,,
16:28,0.017,0.0241,0.083,0.0384,,,,,,,,,,,,,,
16:29,0.017,0.0241,0.083,0.0384,,,,,,,,,,,,,,
16:30,0.017,0.0241,0.083,0.0384,,,,,,,,,,,,,,
16:31,0.017,0.0241,0.083,0.0384,,,,,,,,,,,,,,
16:32,0.017,0.0241,0.083,0.0384,,,,,,,,,,,,,,
16:33,0.017,0.0241,0.083,0.0384,,,,,,,,,,,,,,
16:34,0.017,0.0241,0.083,0.0384,,,,,,,,,,,,,,
16:35,0.017,0.0241,0.083,0.0384,,,,,,,,,,,,,,
16:36,0.017,0.0241,0.083,0.0384,,,,,,,,,,,,,,
16:37,0.017,0.0241,0.083,0.0384,,,,,,,,,,,,,,
16:38,0.017,0.0241,0.083,0.0384,,,,,,,,,,,,,,
16:39,0.017,0.0241,0.083,0.0384,,,,,,,,,,,,,,
16:40,0.017,0.0241,0.083,0.0384,,,,,,,,,,,,,,
16:41,0.017,0.0241,0.083,0.0384,,,,,,,,,,,,,,
16:42,0.017,0.0241,0.083,0.0384,,,,,,,,,,,,,,
16:43,0.017,0.0241,0.083,0.0384,,,,,,,,,,,,,,
16:44,0.017,0.0241,0.083,0.0384,,,,,,,,,,,,,,
16:45,0.017,0.0241,0.083,0.0384,,,,,,,,,,,,,,
16:46,0.017,0.0241,0.083,0.0384,,,,,,,,,,,,,,
16:47,0.017,0.0241,0.083,0.0384,,,,,,,,,,,,,,
16:48,0.017,0.0241,0.083,0.0384,,,,,,,,,,,,,,
16:49,0.017,0.0241,0.083,0.0384,,,,,,,,,,,,,,
16:50,0.017,0.0241,0.083,0.0384,,,,,,,,,,,,,,
16:51,0.017,0.0241,0.083,0.0384,,,,,,,,,,,,,,
16:52,0.017,0.0241,0.083,0.0384,,,,,,,,,,,,,,
16:53,0.017,0.0241,0.083,0.0384,,,,,,,,,,,,,,
16:54,0.017,0.0241,0.083,0.0384,,,,,,,,,,,,,,
16:55,0.017,0.0241,0.083,0.0384,,,,,,,,,,,,,,
16:56,0.017,0.0241,0.083,0.0384,,,,,,,,,,,,,,
16:57,0.017,0.0241,0.083,0.0384,,,,,,,,,,,,,,
16:58,0.017,0.0241,0.083,0.0384,,,,,,,,,,,,,,
16:59,0.017,0.0241,0.083,0.0384,,,,,,,,,,,,,,
17:00,0.0153,0.0195,0.0673,0.0621,,,,,,,,,,,,,,
17:01,0.0153,0.0195,0.0673,0.0621,,,,,,,,,,,,,,
17:02,0.0153,0.0195,0.0673,0.0621,,,,,,,,,,,,,,
17:03,0.0153,0.0195,0.0673,0.0621,,,,,,,,,,,,,,
17:04,0.0153,0.0195,0.0673,0.0621,,,,,,,,,,,,,,
17:05,0.0153,0.0195,0.0673,0.0621,,,,,,,,,,,,,,
17:06,0.0153,0.0195,0.0673,0.0621,,,,,,,,,,,,,,
17:07,0.0153,0.0195,0.0673,0.0621,,,,,,,,,,,,,,
17:08,0.0153,0.0195,0.0673,0.0621,,,,,,,,,,,,,,
17:09,0.0153,0.0195,0.0673,0.0621,,,,,,,,,,,,,,
17:10,0.0153,0.0195,0.0673,0.0621,,,,,,,,,,,,,,
17:11,0.0153,0.0195,0.0673,0.0621,,,,,,,,,,,,,,
17:12,0.0153,0.0195,0.0673,0.0621,,,,,,,,,,,,,,
17:13,0.0153,0.0195,0.0673,0.0621,,,,,,,,,,,,,,
17:14,0.0153,0.0195,0.0673,0.0621,,,,,,,,,,,,,,
17:15,0.0153,0.0195,0.0673,0.0621,,,,,,,,,,,,,,
17:16,0.0153,0.0195,0.0673,0.0621,,,,,,,,,,,,,,
17:17,0.0153,0.0195,0.0673,0.0621,,,,,,,,,,,,,,
17:18,0.0153,0.0195,0.0673,0.0621,,,,,,,,,,,,,,
17:19,0.0153,0.0195,0.0673,0.0621,,,,,,,,,,,,,,
17:20,0.0153,0.0195,0.0673,0.0621,,,,,,,,,,,,,,
17:21,0.0153,0.0195,0.0673,0.0621,,,,,,,,,,,,,,
17:22,0.0153,0.0195,0.0673,0.0621,,,,,,,,,,,,,,
17:23,0.0153,0.0195,0.0673,0.0621,,,,,,,,,,,,,,
17:24,0.0153,0.0195,0.0673,0.0621,,,,,,,,,,,,,,
17:25,0.0153,0.0195,0.0673,0.0621,,,,,,,,,,,,,,
17:26,0.0153,0.0195,0.0673,0.0621,,,,,,,,,,,,,,
17:27,0.0153,0.0195,0.0673,0.0621,,,,,,,,,,,,,,
17:28,0.0153,0.0195,0.0673,0.0621,,,,,,,,,,,,,,
17:29,0.0153,0.0195,0.0673,0.0621,,,,,,,,,,,,,,
17:30,0.0153,0.0195,0.0673,0.0621,,,,,,,,,,,,,,
17:31,0.0153,0.0195,0.0673,0.0621,,,,,,,,,,,,,,
17:32,0.0153,0.0195,0.0673,0.0621,,,,,,,,,,,,,,
17:33,0.0153,0.0195,0.0673,0.0621,,,,,,,,,,,,,,
17:34,0.0153,0.0195,0.0673,0.0621,,,,,,,,,,,,,,
17:35,0.0153,0.0195,0.0673,0.0621,,,,,,,,,,,,,,
17:36,0.0153,0.0195,0.0673,0.0621,,,,,,,,,,,,,,
17:37,0.0153,0.0195,0.0673,0.0621,,,,,,,,,,,,,,
17:38,0.0153,0.0195,0.0673,0.0621,,,,,,,,,,,,,,
17:39,0.0153,0.0195,0.0673,0.0621,,,,,,,,,,,,,,
17:40,0.0153,0.0195,0.0673,0.0621,,,,,,,,,,,,,,
17:41,0.0153,0.0195,0.0673,0.0621,,,,,,,,,,,,,,
17:42,0.0153,0.0195,0.0673,0.0621,,,,,,,,,,,,,,
17:43,0.0153,0.0195,0.0673,0.0621,,,,,,,,,,,,,,
17:44,0.0153,0.0195,0.0673,0.0621,,,,,,,,,,,,,,
17:45,0.0153,0.0195,0.0673,0.0621,,,,,,,,,,,,,,
17:46,0.0153,0.0195,0.0673,0.0621,,,,,,,,,,,,,,
17:47,0.0153,0.0195,0.0673,0.0621,,,,,,,,,,,,,,
17:48,0.0153,0.0195,0.0673,0.0621,,,,,,,,,,,,,,
17:49,0.0153,0.0195,0.0673,0.0621,,,,,,,,,,,,,,
17:50,0.0153,0.0195,0.0673,0.0621,,,,,,,,,,,,,,
17:51,0.0153,0.0195,0.0673,0.0621,,,,,,,,,,,,,,
17:52,0.0153,0.0195,0.0673,0.0621,,,,,,,,,,,,,,
17:53,0.0153,0.0195,0.0673,0.0621,,,,,,,,,,,,,,
17:54,0.0153,0.0195,0.0673,0.0621,,,,,,,,,,,,,,
17:55,0.0153,0.0195,0.0673,0.0621,,,,,,,,,,,,,,
17:56,0.0153,0.0195,0.0673,0.0621,,,,,,,,,,,,,,
17:57,0.0153,0.0195,0.0673,0.0621,,,,,,,,,,,,,,
17:58,0.0153,0.0195,0.0673,0.0621,,,,,,,,,,,,,,
17:59,0.0153,0.0195,0.0673,0.0621,,,,,,,,,,,,,,
18:00,0.0133,0.0164,0.0482,0.0802,,,,,,,,,,,,,,
18:01,0.0133,0.0164,0.0482,0.0802,,,,,,,,,,,,,,
18:02,0.0133,0.0164,0.0482,0.0802,,,,,,,,,,,,,,
18:03,0.0133,0.0164,0.0482,0.0802,,,,,,,,,,,,,,
18:04,0.0133,0.0164,0.0482,0.0802,,,,,,,,,,,,,,
18:05,0.0133,0.0164,0.0482,0.0802,,,,,,,,,,,,,,
18:06,0.0133,0.0164,0.0482,0.0802,,,,,,,,,,,,,,
18:07,0.0133,0.0164,0.0482,0.0802,,,,,,,,,,,,,,
18:08,0.0133,0.0164,0.0482,0.0802,,,,,,,,,,,,,,
18:09,0.0133,0.0164,0.0482,0.0802,,,,,,,,,,,,,,
18:10,0.0133,0.0164,0.0482,0.0802,,,,,,,,,,,,,,
18:11,0.0133,0.0164,0.0482,0.0802,,,,,,,,,,,,,,
18:12,0.0133,0.0164,0.0482,0.0802,,,,,,,,,,,,,,
18:13,0.0133,0.0164,0.0482,0.0802,,,,,,,,,,,,,,
18:14,0.0133,0.0164,0.0482,0.0802,,,,,,,,,,,,,,
18:15,0.0133,0.0164,0.0482,0.0802,,,,,,,,,,,,,,
18:16,0.0133,0.0164,0.0482,0.0802,,,,,,,,,,,,,,
18:17,0.0133,0.0164,0.0482,0.0802,,,,,,,,,,,,,,
18:18,0.0133,0.0164,0.0482,0.0802,,,,,,,,,,,,,,
18:19,0.0133,0.0164,0.0482,0.0802,,,,,,,,,,,,,,
18:20,0.0133,0.0164,0.0482,0.0802,,,,,,,,,,,,,,
18:21,0.0133,0.0164,0.0482,0.0802,,,,,,,,,,,,,,
18:22,0.0133,0.0164,0.0482,0.0802,,,,,,,,,,,,,,
18:23,0.0133,0.0164,0.0482,0.0802,,,,,,,,,,,,,,
18:24,0.0133,0.0164,0.0482,0.0802,,,,,,,,,,,,,,
18:25,0.0133,0.0164,0.0482,0.0802,,,,,,,,,,,,,,
18:26,0.0133,0.0164,0.0482,0.0802,,,,,,,,,,,,,,
18:27,0.0133,0.0164,0.0482,0.0802,,,,,,,,,,,,,,
18:28,0.0133,0.0164,0.0482,0.0802,,,,,,,,,,,,,,
18:29,0.0133,0.0164,0.0482,0.0802,,,,,,,,,,,,,,
18:30,0.0133,0.0164,0.0482,0.0802,,,,,,,,,,,,,,
18:31,0.0133,0.0164,0.0482,0.0802,,,,,,,,,,,,,,
18:32,0.0133,0.0164,0.0482,0.0802,,,,,,,,,,,,,,
18:33,0.0133,0.0164,0.0482,0.0802,,,,,,,,,,,,,,
18:34,0.0133,0.0164,0.0482,0.0802,,,,,,,,,,,,,,
18:35,0.0133,0.0164,0.0482,0.0802,,,,,,,,,,,,,,
18:36,0.0133,0.0164,0.0482,0.0802,,,,,,,,,,,,,,
18:37,0.0133,0.0164,0.0482,0.0802,,,,,,,,,,,,,,
18:38,0.0133,0.0164,0.0482,0.0802,,,,,,,,,,,,,,
18:39,0.0133,0.0164,0.0482,0.0802,,,,,,,,,,,,,,
18:40,0.0133,0.0164,0.0482,0.0802,,,,,,,,,,,,,,
18:41,0.0133,0.0164,0.0482,0.0802,,,,,,,,,,,,,,
18:42,0.0133,0.0164,0.0482,0.0802,,,,,,,,,,,,,,
18:43,0.0133,0.0164,0.0482,0.0802,,,,,,,,,,,,,,
18:44,0.0133,0.0164,0.0482,0.0802,,,,,,,,,,,,,,
18:45,0.0133,0.0164,0.0482,0.0802,,,,,,,,,,,,,,
18:46,0.0133,0.0164,0.0482,0.0802,,,,,,,,,,,,,,
18:47,0.0133,0.0164,0.0482,0.0802,,,,,,,,,,,,,,
18:48,0.0133,0.0164,0.0482,0.0802,,,,,,,,,,,,,,
18:49,0.0133,0.0164,0.0482,0.0802,,,,,,,,,,,,,,
18:50,0.0133,0.0164,0.0482,0.0802,,,,,,,,,,,,,,
18:51,0.0133,0.0164,0.0482,0.0802,,,,,,,,,,,,,,
18:52,0.0133,0.0164,0.0482,0.0802,,,,,,,,,,,,,,
18:53,0.0133,0.0164,0.0482,0.0802,,,,,,,,,,,,,,
18:54,0.0133,0.0164,0.0482,0.0802,,,,,,,,,,,,,,
18:55,0.0133,0.0164,0.0482,0.0802,,,,,,,,,,,,,,
18:56,0.0133,0.0164,0.0482,0.0802,,,,,,,,,,,,,,
18:57,0.0133,0.0164,0.0482,0.0802,,,,,,,,,,,,,,
18:58,0.0133,0.0164,0.0482,0.0802,,,,,,,,,,,,,,
18:59,0.0133,0.0164,0.0482,0.0802,,,,,,,,,,,,,,
19:00,0.0133,0.0148,0.0337,0.0988,,,,,,,,,,,,,,
19:01,0.0133,0.0148,0.0337,0.0988,,,,,,,,,,,,,,
19:02,0.0133,0.0148,0.0337,0.0988,,,,,,,,,,,,,,
19:03,0.0133,0.0148,0.0337,0.0988,,,,,,,,,,,,,,
19:04,0.0133,0.0148,0.0337,0.0988,,,,,,,,,,,,,,
19:05,0.0133,0.0148,0.0337,0.0988,,,,,,,,,,,,,,
19:06,0.0133,0.0148,0.0337,0.0988,,,,,,,,,,,,,,
19:07,0.0133,0.0148,0.0337,0.0988,,,,,,,,,,,,,,
19:08,0.0133,0.0148,0.0337,0.0988,,,,,,,,,,,,,,
19:09,0.0133,0.0148,0.0337,0.0988,,,,,,,,,,,,,,
19:10,0.0133,0.0148,0.0337,0.0988,,,,,,,,,,,,,,
19:11,0.0133,0.0148,0.0337,0.0988,,,,,,,,,,,,,,
19:12,0.0133,0.0148,0.0337,0.0988,,,,,,,,,,,,,,
19:13,0.0133,0.0148,0.0337,0.0988,,,,,,,,,,,,,,
19:14,0.0133,0.0148,0.0337,0.0988,,,,,,,,,,,,,,
19:15,0.0133,0.0148,0.0337,0.0988,,,,,,,,,,,,,,
19:16,0.0133,0.0148,0.0337,0.0988,,,,,,,,,,,,,,
19:17,0.0133,0.0148,0.0337,0.0988,,,,,,,,,,,,,,
19:18,0.0133,0.0148,0.0337,0.0988,,,,,,,,,,,,,,
19:19,0.0133,0.0148,0.0337,0.0988,,,,,,,,,,,,,,
19:20,0.0133,0.0148,0.0337,0.0988,,,,,,,,,,,,,,
19:21,0.0133,0.0148,0.0337,0.0988,,,,,,,,,,,,,,
19:22,0.0133,0.0148,0.0337,0.0988,,,,,,,,,,,,,,
19:23,0.0133,0.0148,0.0337,0.0988,,,,,,,,,,,,,,
19:24,0.0133,0.0148,0.0337,0.0988,,,,,,,,,,,,,,
19:25,0.0133,0.0148,0.0337,0.0988,,,,,,,,,,,,,,
19:26,0.0133,0.0148,0.0337,0.0988,,,,,,,,,,,,,,
19:27,0.0133,0.0148,0.0337,0.0988,,,,,,,,,,,,,,
19:28,0.0133,0.0148,0.0337,0.0988,,,,,,,,,,,,,,
19:29,0.0133,0.0148,0.0337,0.0988,,,,,,,,,,,,,,
19:30,0.0133,0.0148,0.0337,0.0988,,,,,,,,,,,,,,
19:31,0.0133,0.0148,0.0337,0.0988,,,,,,,,,,,,,,
19:32,0.0133,0.0148,0.0337,0.0988,,,,,,,,,,,,,,
19:33,0.0133,0.0148,0.0337,0.0988,,,,,,,,,,,,,,
19:34,0.0133,0.0148,0.0337,0.0988,,,,,,,,,,,,,,
19:35,0.0133,0.0148,0.0337,0.0988,,,,,,,,,,,,,,
19:36,0.0133,0.0148,0.0337,0.0988,,,,,,,,,,,,,,
19:37,0.0133,0.0148,0.0337,0.0988,,,,,,,,,,,,,,
19:38,0.0133,0.0148,0.0337,0.0988,,,,,,,,,,,,,,
19:39,0.0133,0.0148,0.0337,0.0988,,,,,,,,,,,,,,
19:40,0.0133,0.0148,0.0337,0.0988,,,,,,,,,,,,,,
19:41,0.0133,0.0148,0.0337,0.0988,,,,,,,,,,,,,,
19:42,0.0133,0.0148,0.0337,0.0988,,,,,,,,,,,,,,
19:43,0.0133,0.0148,0.0337,0.0988,,,,,,,,,,,,,,
19:44,0.0133,0.0148,0.0337,0.0988,,,,,,,,,,,,,,
19:45,0.0133,0.0148,0.0337,0.0988,,,,,,,,,,,,,,
19:46,0.0133,0.0148,0.0337,0.0988,,,,,,,,,,,,,,
19:47,0.0133,0.0148,0.0337,0.0988,,,,,,,,,,,,,,
19:48,0.0133,0.0148,0.0337,0.0988,,,,,,,,,,,,,,
19:49,0.0133,0.0148,0.0337,0.0988,,,,,,,,,,,,,,
19:50,0.0133,0.0148,0.0337,0.0988,,,,,,,,,,,,,,
19:51,0.0133,0.0148,0.0337,0.0988,,,,,,,,,,,,,,
19:52,0.0133,0.0148,0.0337,0.0988,,,,,,,,,,,,,,
19:53,0.0133,0.0148,0.0337,0.0988,,,,,,,,,,,,,,
19:54,0.0133,0.0148,0.0337,0.0988,,,,,,,,,,,,,,
19:55,0.0133,0.0148,0.0337,0.0988,,,,,,,,,,,,,,
19:56,0.0133,0.0148,0.0337,0.0988,,,,,,,,,,,,,,
19:57,0.0133,0.0148,0.0337,0.0988,,,,,,,,,,,,,,
19:58,0.0133,0.0148,0.0337,0.0988,,,,,,,,,,,,,,
19:59,0.0133,0.0148,0.0337,0.0988,,,,,,,,,,,,,,
20:00,0.012,0.0128,0.0223,0.1086,,,,,,,,,,,,,,
20:01,0.012,0.0128,0.0223,0.1086,,,,,,,,,,,,,,
20:02,0.012,0.0128,0.0223,0.1086,,,,,,,,,,,,,,
20:03,0.012,0.0128,0.0223,0.1086,,,,,,,,,,,,,,
20:04,0.012,0.0128,0.0223,0.1086,,,,,,,,,,,,,,
20:05,0.012,0.0128,0.0223,0.1086,,,,,,,,,,,,,,
20:06,0.012,0.0128,0.0223,0.1086,,,,,,,,,,,,,,
20:07,0.012,0.0128,0.0223,0.1086,,,,,,,,,,,,,,
20:08,0.012,0.0128,0.0223,0.1086,,,,,,,,,,,,,,
20:09,0.012,0.0128,0.0223,0.1086,,,,,,,,,,,,,,
20:10,0.012,0.0128,0.0223,0.1086,,,,,,,,,,,,,,
20:11,0.012,0.0128,0.0223,0.1086,,,,,,,,,,,,,,
20:12,0.012,0.0128,0.0223,0.1086,,,,,,,,,,,,,,
20:13,0.012,0.0128,0.0223,0.1086,,,,,,,,,,,,,,
20:14,0.012,0.0128,0.0223,0.1086,,,,,,,,,,,,,,
20:15,0.012,0.0128,0.0223,0.1086,,,,,,,,,,,,,,
20:16,0.012,0.0128,0.0223,0.1086,,,,,,,,,,,,,,
20:17,0.012,0.0128,0.0223,0.1086,,,,,,,,,,,,,,
20:18,0.012,0.0128,0.0223,0.1086,,,,,,,,,,,,,,
20:19,0.012,0.0128,0.0223,0.1086,,,,,,,,,,,,,,
20:20,0.012,0.0128,0.0223,0.1086,,,,,,,,,,,,,,
20:21,0.012,0.0128,0.0223,0.1086,,,,,,,,,,,,,,
20:22,0.012,0.0128,0.0223,0.1086,,,,,,,,,,,,,,
20:23,0.012,0.0128,0.0223,0.1086,,,,,,,,,,,,,,
20:24,0.012,0.0128,0.0223,0.1086,,,,,,,,,,,,,,
20:25,0.012,0.0128,0.0223,0.1086,,,,,,,,,,,,,,
20:26,0.012,0.0128,0.0223,0.1086,,,,,,,,,,,,,,
20:27,0.012,0.0128,0.0223,0.1086,,,,,,,,,,,,,,
20:28,0.012,0.0128,0.0223,0.1086,,,,,,,,,,,,,,
20:29,0.012,0.0128,0.0223,0.1086,,,,,,,,,,,,,,
20:30,0.012,0.0128,0.0223,0.1086,,,,,,,,,,,,,,
20:31,0.012,0.0128,0.0223,0.1086,,,,,,,,,,,,,,
20:32,0.012,0.0128,0.0223,0.1086,,,,,,,,,,,,,,
20:33,0.012,0.0128,0.0223,0.1086,,,,,,,,,,,,,,
20:34,0.012,0.0128,0.0223,0.1086,,,,,,,,,,,,,,
20:35,0.012,0.0128,0.0223,0.1086,,,,,,,,,,,,,,
20:36,0.012,0.0128,0.0223,0.1086,,,,,,,,,,,,,,
20:37,0.012,0.0128,0.0223,0.1086,,,,,,,,,,,,,,
20:38,0.012,0.0128,0.0223,0.1086,,,,,,,,,,,,,,
20:39,0.012,0.0128,0.0223,0.1086,,,,,,,,,,,,,,
20:40,0.012,0.0128,0.0223,0.1086,,,,,,,,,,,,,,
20:41,0.012,0.0128,0.0223,0.1086,,,,,,,,,,,,,,
20:42,0.012,0.0128,0.0223,0.1086,,,,,,,,,,,,,,
20:43,0.012,0.0128,0.0223,0.1086,,,,,,,,,,,,,,
20:44,0.012,0.0128,0.0223,0.1086,,,,,,,,,,,,,,
20:45,0.012,0.0128,0.0223,0.1086,,,,,,,,,,,,,,
20:46,0.012,0.0128,0.0223,0.1086,,,,,,,,,,,,,,
20:47,0.012,0.0128,0.0223,0.1086,,,,,,,,,,,,,,
20:48,0.012,0.0128,0.0223,0.1086,,,,,,,,,,,,,,
20:49,0.012,0.0128,0.0223,0.1086,,,,,,,,,,,,,,
20:50,0.012,0.0128,0.0223,0.1086,,,,,,,,,,,,,,
20:51,0.012,0.0128,0.0223,0.1086,,,,,,,,,,,,,,
20:52,0.012,0.0128,0.0223,0.1086,,,,,,,,,,,,,,
20:53,0.012,0.0128,0.0223,0.1086,,,,,,,,,,,,,,
20:54,0.012,0.0128,0.0223,0.1086,,,,,,,,,,,,,,
20:55,0.012,0.0128,0.0223,0.1086,,,,,,,,,,,,,,
20:56,0.012,0.0128,0.0223,0.1086,,,,,,,,,,,,,,
20:57,0.012,0.0128,0.0223,0.1086,,,,,,,,,,,,,,
20:58,0.012,0.0128,0.0223,0.1086,,,,,,,,,,,,,,
20:59,0.012,0.0128,0.0223,0.1086,,,,,,,,,,,,,,
21:00,0.0118,0.0117,0.0172,0.0966,,,,,,,,,,,,,,
21:01,0.0118,0.0117,0.0172,0.0966,,,,,,,,,,,,,,
21:02,0.0118,0.0117,0.0172,0.0966,,,,,,,,,,,,,,
21:03,0.0118,0.0117,0.0172,0.0966,,,,,,,,,,,,,,
21:04,0.0118,0.0117,0.0172,0.0966,,,,,,,,,,,,,,
21:05,0.0118,0.0117,0.0172,0.0966,,,,,,,,,,,,,,
21:06,0.0118,0.0117,0.0172,0.0966,,,,,,,,,,,,,,
21:07,0.0118,0.0117,0.0172,0.0966,,,,,,,,,,,,,,
21:08,0.0118,0.0117,0.0172,0.0966,,,,,,,,,,,,,,
21:09,0.0118,0.0117,0.0172,0.0966,,,,,,,,,,,,,,
21:10,0.0118,0.0117,0.0172,0.0966,,,,,,,,,,,,,,
21:11,0.0118,0.0117,0.0172,0.0966,,,,,,,,,,,,,,
21:12,0.0118,0.0117,0.0172,0.0966,,,,,,,,,,,,,,
21:13,0.0118,0.0117,0.0172,0.0966,,,,,,,,,,,,,,
21:14,0.0118,0.0117,0.0172,0.0966,,,,,,,,,,,,,,
21:15,0.0118,0.0117,0.0172,0.0966,,,,,,,,,,,,,,
21:16,0.0118,0.0117,0.0172,0.0966,,,,,,,,,,,,,,
21:17,0.0118,0.0117,0.0172,0.0966,,,,,,,,,,,,,,
21:18,0.0118,0.0117,0.0172,0.0966,,,,,,,,,,,,,,
21:19,0.0118,0.0117,0.0172,0.0966,,,,,,,,,,,,,,
21:20,0.0118,0.0117,0.0172,0.0966,,,,,,,,,,,,,,
21:21,0.0118,0.0117,0.0172,0.0966,,,,,,,,,,,,,,
21:22,0.0118,0.0117,0.0172,0.0966,,,,,,,,,,,,,,
21:23,0.0118,0.0117,0.0172,0.0966,,,,,,,,,,,,,,
21:24,0.0118,0.0117,0.0172,0.0966,,,,,,,,,,,,,,
21:25,0.0118,0.0117,0.0172,0.0966,,,,,,,,,,,,,,
21:26,0.0118,0.0117,0.0172,0.0966,,,,,,,,,,,,,,
21:27,0.0118,0.0117,0.0172,0.0966,,,,,,,,,,,,,,
21:28,0.0118,0.0117,0.0172,0.0966,,,,,,,,,,,,,,
21:29,0.0118,0.0117,0.0172,0.0966,,,,,,,,,,,,,,
21:30,0.0118,0.0117,0.0172,0.0966,,,,,,,,,,,,,,
21:31,0.0118,0.0117,0.0172,0.0966,,,,,,,,,,,,,,
21:32,0.0118,0.0117,0.0172,0.0966,,,,,,,,,,,,,,
21:33,0.0118,0.0117,0.0172,0.0966,,,,,,,,,,,,,,
21:34,0.0118,0.0117,0.0172,0.0966,,,,,,,,,,,,,,
21:35,0.0118,0.0117,0.0172,0.0966,,,,,,,,,,,,,,
21:36,0.0118,0.0117,0.0172,0.0966,,,,,,,,,,,,,,
21:37,0.0118,0.0117,0.0172,0.0966,,,,,,,,,,,,,,
21:38,0.0118,0.0117,0.0172,0.0966,,,,,,,,,,,,,,
21:39,0.0118,0.0117,0.0172,0.0966,,,,,,,,,,,,,,
21:40,0.0118,0.0117,0.0172,0.0966,,,,,,,,,,,,,,
21:41,0.0118,0.0117,0.0172,0.0966,,,,,,,,,,,,,,
21:42,0.0118,0.0117,0.0172,0.0966,,,,,,,,,,,,,,
21:43,0.0118,0.0117,0.0172,0.0966,,,,,,,,,,,,,,
21:44,0.0118,0.0117,0.0172,0.0966,,,,,,,,,,,,,,
21:45,0.0118,0.0117,0.0172,0.0966,,,,,,,,,,,,,,
21:46,0.0118,0.0117,0.0172,0.0966,,,,,,,,,,,,,,
21:47,0.0118,0.0117,0.0172,0.0966,,,,,,,,,,,,,,
21:48,0.0118,0.0117,0.0172,0.0966,,,,,,,,,,,,,,
21:49,0.0118,0.0117,0.0172,0.0966,,,,,,,,,,,,,,
21:50,0.0118,0.0117,0.0172,0.0966,,,,,,,,,,,,,,
21:51,0.0118,0.0117,0.0172,0.0966,,,,,,,,,,,,,,
21:52,0.0118,0.0117,0.0172,0.0966,,,,,,,,,,,,,,
21:53,0.0118,0.0117,0.0172,0.0966,,,,,,,,,,,,,,
21:54,0.0118,0.0117,0.0172,0.0966,,,,,,,,,,,,,,
21:55,0.0118,0.0117,0.0172,0.0966,,,,,,,,,,,,,,
21:56,0.0118,0.0117,0.0172,0.0966,,,,,,,,,,,,,,
21:57,0.0118,0.0117,0.0172,0.0966,,,,,,,,,,,,,,
21:58,0.0118,0.0117,0.0172,0.0966,,,,,,,,,,,,,,
21:59,0.0118,0.0117,0.0172,0.0966,,,,,,,,,,,,,,
22:00,0.0111,0.011,0.015,0.0633,,,,,,,,,,,,,,
22:01,0.0111,0.011,0.015,0.0633,,,,,,,,,,,,,,
22:02,0.0111,0.011,0.015,0.0633,,,,,,,,,,,,,,
22:03,0.0111,0.011,0.015,0.0633,,,,,,,,,,,,,,
22:04,0.0111,0.011,0.015,0.0633,,,,,,,,,,,,,,
22:05,0.0111,0.011,0.015,0.0633,,,,,,,,,,,,,,
22:06,0.0111,0.011,0.015,0.0633,,,,,,,,,,,,,,
22:07,0.0111,0.011,0.015,0.0633,,,,,,,,,,,,,,
22:08,0.0111,0.011,0.015,0.0633,,,,,,,,,,,,,,
22:09,0.0111,0.011,0.015,0.0633,,,,,,,,,,,,,,
22:10,0.0111,0.011,0.015,0.0633,,,,,,,,,,,,,,
22:11,0.0111,0.011,0.015,0.0633,,,,,,,,,,,,,,
22:12,0.0111,0.011,0.015,0.0633,,,,,,,,,,,,,,
22:13,0.0111,0.011,0.015,0.0633,,,,,,,,,,,,,,
22:14,0.0111,0.011,0.015,0.0633,,,,,,,,,,,,,,
22:15,0.0111,0.011,0.015,0.0633,,,,,,,,,,,,,,
22:16,0.0111,0.011,0.015,0.0633,,,,,,,,,,,,,,
22:17,0.0111,0.011,0.015,0.0633,,,,,,,,,,,,,,
22:18,0.0111,0.011,0.015,0.0633,,,,,,,,,,,,,,
22:19,0.0111,0.011,0.015,0.0633,,,,,,,,,,,,,,
22:20,0.0111,0.011,0.015,0.0633,,,,,,,,,,,,,,
22:21,0.0111,0.011,0.015,0.0633,,,,,,,,,,,,,,
22:22,0.0111,0.011,0.015,0.0633,,,,,,,,,,,,,,
22:23,0.0111,0.011,0.015,0.0633,,,,,,,,,,,,,,
22:24,0.0111,0.011,0.015,0.0633,,,,,,,,,,,,,,
22:25,0.0111,0.011,0.015,0.0633,,,,,,,,,,,,,,
22:26,0.0111,0.011,0.015,0.0633,,,,,,,,,,,,,,
22:27,0.0111,0.011,0.015,0.0633,,,,,,,,,,,,,,
22:28,0.0111,0.011,0.015,0.0633,,,,,,,,,,,,,,
22:29,0.0111,0.011,0.015,0.0633,,,,,,,,,,,,,,
22:30,0.0111,0.011,0.015,0.0633,,,,,,,,,,,,,,
22:31,0.0111,0.011,0.015,0.0633,,,,,,,,,,,,,,
22:32,0.0111,0.011,0.015,0.0633,,,,,,,,,,,,,,
22:33,0.0111,0.011,0.015,0.0633,,,,,,,,,,,,,,
22:34,0.0111,0.011,0.015,0.0633,,,,,,,,,,,,,,
22:35,0.0111,0.011,0.015,0.0633,,,,,,,,,,,,,,
22:36,0.0111,0.011,0.015,0.0633,,,,,,,,,,,,,,
22:37,0.0111,0.011,0.015,0.0633,,,,,,,,,,,,,,
22:38,0.0111,0.011,0.015,0.0633,,,,,,,,,,,,,,
22:39,0.0111,0.011,0.015,0.0633,,,,,,,,,,,,,,
22:40,0.0111,0.011,0.015,0.0633,,,,,,,,,,,,,,
22:41,0.0111,0.011,0.015,0.0633,,,,,,,,,,,,,,
22:42,0.0111,0.011,0.015,0.0633,,,,,,,,,,,,,,
22:43,0.0111,0.011,0.015,0.0633,,,,,,,,,,,,,,
22:44,0.0111,0.011,0.015,0.0633,,,,,,,,,,,,,,
22:45,0.0111,0.011,0.015,0.0633,,,,,,,,,,,,,,
22:46,0.0111,0.011,0.015,0.0633,,,,,,,,,,,,,,
22:47,0.0111,0.011,0.015,0.0633,,,,,,,,,,,,,,
22:48,0.0111,0.011,0.015,0.0633,,,,,,,,,,,,,,
22:49,0.0111,0.011,0.015,0.0633,,,,,,,,,,,,,,
22:50,0.0111,0.011,0.015,0.0633,,,,,,,,,,,,,,
22:51,0.0111,0.011,0.015,0.0633,,,,,,,,,,,,,,
22:52,0.0111,0.011,0.015,0.0633,,,,,,,,,,,,,,
22:53,0.0111,0.011,0.015,0.0633,,,,,,,,,,,,,,
22:54,0.0111,0.011,0.015,0.0633,,,,,,,,,,,,,,
22:55,0.0111,0.011,0.015,0.0633,,,,,,,,,,,,,,
22:56,0.0111,0.011,0.015,0.0633,,,,,,,,,,,,,,
22:57,0.0111,0.011,0.015,0.0633,,,,,,,,,,,,,,
22:58,0.0111,0.011,0.015,0.0633,,,,,,,,,,,,,,
22:59,0.0111,0.011,0.015,0.0633,,,,,,,,,,,,,,
23:00,0.0115,0.0116,0.0144,0.0396,,,,,,,,,,,,,,
23:01,0.0115,0.0116,0.0144,0.0396,,,,,,,,,,,,,,
23:02,0.0115,0.0116,0.0144,0.0396,,,,,,,,,,,,,,
23:03,0.0115,0.0116,0.0144,0.0396,,,,,,,,,,,,,,
23:04,0.0115,0.0116,0.0144,0.0396,,,,,,,,,,,,,,
23:05,0.0115,0.0116,0.0144,0.0396,,,,,,,,,,,,,,
23:06,0.0115,0.0116,0.0144,0.0396,,,,,,,,,,,,,,
23:07,0.0115,0.0116,0.0144,0.0396,,,,,,,,,,,,,,
23:08,0.0115,0.0116,0.0144,0.0396,,,,,,,,,,,,,,
23:09,0.0115,0.0116,0.0144,0.0396,,,,,,,,,,,,,,
23:10,0.0115,0.0116,0.0144,0.0396,,,,,,,,,,,,,,
23:11,0.0115,0.0116,0.0144,0.0396,,,,,,,,,,,,,,
23:12,0.0115,0.0116,0.0144,0.0396,,,,,,,,,,,,,,
23:13,0.0115,0.0116,0.0144,0.0396,,,,,,,,,,,,,,
23:14,0.0115,0.0116,0.0144,0.0396,,,,,,,,,,,,,,
23:15,0.0115,0.0116,0.0144,0.0396,,,,,,,,,,,,,,
23:16,0.0115,0.0116,0.0144,0.0396,,,,,,,,,,,,,,
23:17,0.0115,0.0116,0.0144,0.0396,,,,,,,,,,,,,,
23:18,0.0115,0.0116,0.0144,0.0396,,,,,,,,,,,,,,
23:19,0.0115,0.0116,0.0144,0.0396,,,,,,,,,,,,,,
23:20,0.0115,0.0116,0.0144,0.0396,,,,,,,,,,,,,,
23:21,0.0115,0.0116,0.0144,0.0396,,,,,,,,,,,,,,
23:22,0.0115,0.0116,0.0144,0.0396,,,,,,,,,,,,,,
23:23,0.0115,0.0116,0.0144,0.0396,,,,,,,,,,,,,,
23:24,0.0115,0.0116,0.0144,0.0396,,,,,,,,,,,,,,
23:25,0.0115,0.0116,0.0144,0.0396,,,,,,,,,,,,,,
23:26,0.0115,0.0116,0.0144,0.0396,,,,,,,,,,,,,,
23:27,0.0115,0.0116,0.0144,0.0396,,,,,,,,,,,,,,
23:28,0.0115,0.0116,0.0144,0.0396,,,,,,,,,,,,,,
23:29,0.0115,0.0116,0.0144,0.0396,,,,,,,,,,,,,,
23:30,0.0115,0.0116,0.0144,0.0396,,,,,,,,,,,,,,
23:31,0.0115,0.0116,0.0144,0.0396,,,,,,,,,,,,,,
23:32,0.0115,0.0116,0.0144,0.0396,,,,,,,,,,,,,,
23:33,0.0115,0.0116,0.0144,0.0396,,,,,,,,,,,,,,
23:34,0.0115,0.0116,0.0144,0.0396,,,,,,,,,,,,,,
23:35,0.0115,0.0116,0.0144,0.0396,,,,,,,,,,,,,,
23:36,0.0115,0.0116,0.0144,0.0396,,,,,,,,,,,,,,
23:37,0.0115,0.0116,0.0144,0.0396,,,,,,,,,,,,,,
23:38,0.0115,0.0116,0.0144,0.0396,,,,,,,,,,,,,,
23:39,0.0115,0.0116,0.0144,0.0396,,,,,,,,,,,,,,
23:40,0.0115,0.0116,0.0144,0.0396,,,,,,,,,,,,,,
23:41,0.0115,0.0116,0.0144,0.0396,,,,,,,,,,,,,,
23:42,0.0115,0.0116,0.0144,0.0396,,,,,,,,,,,,,,
23:43,0.0115,0.0116,0.0144,0.0396,,,,,,,,,,,,,,
23:44,0.0115,0.0116,0.0144,0.0396,,,,,,,,,,,,,,
23:45,0.0115,0.0116,0.0144,0.0396,,,,,,,,,,,,,,
23:46,0.0115,0.0116,0.0144,0.0396,,,,,,,,,,,,,,
23:47,0.0115,0.0116,0.0144,0.0396,,,,,,,,,,,,,,
23:48,0.0115,0.0116,0.0144,0.0396,,,,,,,,,,,,,,
23:49,0.0115,0.0116,0.0144,0.0396,,,,,,,,,,,,,,
23:50,0.0115,0.0116,0.0144,0.0396,,,,,,,,,,,,,,
23:51,0.0115,0.0116,0.0144,0.0396,,,,,,,,,,,,,,
23:52,0.0115,0.0116,0.0144,0.0396,,,,,,,,,,,,,,
23:53,0.0115,0.0116,0.0144,0.0396,,,,,,,,,,,,,,
23:54,0.0115,0.0116,0.0144,0.0396,,,,,,,,,,,,,,
23:55,0.0115,0.0116,0.0144,0.0396,,,,,,,,,,,,,,
23:56,0.0115,0.0116,0.0144,0.0396,,,,,,,,,,,,,,
23:57,0.0115,0.0116,0.0144,0.0396,,,,,,,,,,,,,,
23:58,0.0115,0.0116,0.0144,0.0396,,,,,,,,,,,,,,
23:59,0.0115,0.0116,0.0144,0.0396,,,,,,,,,,,,,,
24:00:00,0,0,0,0,,,,,,,,,,,,,,
